Smiles,MTB Standardized Residuals
O=C1NC(CCC1(CC)C2=CC=C(N=[N+]=[N-])C=C2)=O,-0.4199528354619971
OC([C@@H](NC(OC(C)(C)C)=O)CC1=CC=C(N=[N+]=[N-])C=C1)=O,0.556693832196371
O[C@H]1[C@@H](CO)O[C@@H](OC2=CC=C(N=[N+]=[N-])C=C2)[C@H](O)[C@H]1O,0.3644650407590233
COC1=CC(CCN=[N+]=[N-])=CC=C1,1.249243665502677
C[C@@H](COC1=C2C(C3=O)=CC(F)=C1C4(N=[N+]=[N-])CC4)N2C=C3C(O)=O,-0.5689719526197704
O=C(C(C(O)=O)=CN1C2=CC=C(F)C=C2F)C3=C1N=C(N4CCC(N=[N+]=[N-])C4)C(F)=C3,1.206155066928173
NC1=NC2=C(S1)C[C@@H](N=[N+]=[N-])CC2,-0.1601745222771243
[N-]=[N+]=NC1=CC=CC(CN2CCCCC2)=C1,1.000184226311437
CCOC(C1=CC(N=[N+]=[N-])=CC=C1)=O,1.259469707652317
[N-]=[N+]=NC1=CC2=C(C(C=CC=C3)=C3C2)C=C1,-0.8316508026567634
[N-]=[N+]=NCCOC1=CC=CC=C1,1.21282831713664
CC(N=[N+]=[N-])CCC1=CC=CC=C1,1.434340997835281
C[C@@H](C1=C2C=CC=CC2=CC=C1)N=[N+]=[N-],1.352722193681778
O=C(OCC1=CC=CC=C1)[C@H](C(C)C)N=[N+]=[N-],0.9332979079050412
CC(C)(OC([C@H](CC(C=C1)=CC=C1OC(C)(C)C)N=[N+]=[N-])=O)C,0.8805424693343122
O=C(OC(C)(C)C)[C@@H](N=[N+]=[N-])CC1=CC=CC=C1,1.273501149768083
O=C(OC)C(C)(N=[N+]=[N-])CC1=CC=CC=C1,1.409387203225793
OC1=CC=CC=C1CN=[N+]=[N-],-0.5657791465256881
OC1=CC=C(CCN=[N+]=[N-])C=C1,-2.034964643542829
BrC1=CC=C(N=[N+]=[N-])C=C1,1.076965840382631
OCC([C@@](C1)(O)C[C@H](O[C@H]2C[C@@H]([C@@H]([C@@H](O2)C)O)N=[N+]=[N-])C(C1=C3O)=C(O)C4=C3C(C5=CC=CC(OC)=C5C4=O)=O)=O,0.1258015947176954
FC1=CC=C(N=[N+]=[N-])C=C1,1.273156755193249
FC1=CC=CC(N=[N+]=[N-])=C1,1.122383084660224
IC1=CC=C(N=[N+]=[N-])C=C1,1.175541421439108
CSC1=CC=C(N=[N+]=[N-])C=C1,1.313961377960962
COC1=CC=C(CN=[N+]=[N-])C=C1,0.8946502480995262
C[C@@]1(C[C@](C2)(N=[N+]=[N-])C3)C[C@H]2C[C@@]3(C)C1,1.300296984134472
COC1=CC=C(N=[N+]=[N-])C=C1,1.403730204998625
[N-]=[N+]=NC1=CC=C(C2=CC=CC=C2)C=C1,1.248347561510834
OC1=CC=C(C[C@H](N=[N+]=[N-])C(OCC)=O)C=C1,-0.4845402244321741
CC(C)(N=[N+]=[N-])C1=CC=CC=C1,1.19766990360935
[O-]S(C1=CC=CC2=C(NCCN=[N+]=[N-])C=CC=C21)(=O)=O,-1.923188997657322
OC1=CC(C)=C(N=[N+]=[N-])C=C1,-1.226237190459306
O[C@H]1[C@H](C[C@H](O[C@@H](C[C@@](C(C)=O)(O)C2)C(C2=C3O)=C(O)C4=C3C(C5=CC=CC(OC)=C5C4=O)=O)O[C@H]1C)N=[N+]=[N-],-0.06527882786120118
FC1=C(C[C@@H](N=[N+]=[N-])CC(N2CC3=NN=C(C(F)(F)F)N3CC2)=O)C=C(F)C(F)=C1,-1.581854602011008
OC(C1=C(C=CC(C)=C1)N=[N+]=[N-])=O,1.005646912654881
ClC1=C(C2C(C(OCC)=O)=C(COCCN=[N+]=[N-])NC(C)=C2C(OC)=O)C=CC=C1,0.8001588998582655
O=C(N1C)C=C(N2C[C@H](N=[N+]=[N-])CCC2)N(CC3=CC=CC=C3C#N)C1=O,-1.122447621281626
CC(NC1=CC=C(N=[N+]=[N-])C=C1)=O,-0.4519470029960361
ClC1=CC=C(N=[N+]=[N-])C=C1,1.306658660108034
[N-]=[N+]=NC1CN(C(C2=CC=CC=C2)C3=CC=CC=C3)C1,-1.479461436512903
CN(C(N=C(N1C[C@H](N=[N+]=[N-])CCC1)N2CC#CC)=C2C3=O)C(N3CC4=NC5=CC=CC=C5C(C)=N4)=O,-1.105531785689971
OC[C@@H](O1)[C@H](C[C@@H]1N(C2=O)C=C(C(N2)=O)C)N=[N+]=[N-],0.235846599436163
[N-]=[N+]=NCC1=CC=CC=C1,1.070878427351406
O=C(CN=[N+]=[N-])OCC1=CC=CC=C1,0.7877171714176615
C[C@H](N=[N+]=[N-])C1=CC=CC=C1,1.172419658752554
O=C([C@H](CO)N=[N+]=[N-])OCC1=CC=CC=C1,1.206177838323782
O=C(OCC1=CC=CC=C1)C[C@H](N=[N+]=[N-])C(OCC2=CC=CC=C2)=O,1.017033030933133
ClC1=CC=C(CC(N=[N+]=[N-])C(OC)=O)C=C1,0.8083580101251034
COC1=CC=C2C(C(CCN=[N+]=[N-])=CN2)=C1,-1.900190634377775
[N-]=[N+]=NC1=CC=C(OCC2=CC=CC=C2)C=C1,-0.3894556497058633
ClC1=NC=C(CN=[N+]=[N-])S1,-0.06953496069519148
[N-]=[N+]=NCC1=NC2=CC=CC=C2N1,-1.655502247750971
BrC1=C(N=[N+]=[N-])NN=C1,-1.146792227057042
CS(C1=CC=CC(N=[N+]=[N-])=C1)(=O)=O,0.3523132180657205
CN(C)CC1=CC=CC(N=[N+]=[N-])=C1,0.8383548959407532
O=C(OC(C)(C)C)N1N=CC2=CC(N=[N+]=[N-])=CC=C21,-1.044764792898681
CC1=C2C(OCC[C@H]2N=[N+]=[N-])=CC=C1,0.9160403211707449
[N-]=[N+]=NC1=CC=C(N2N=CN=C2)C=C1,0.03594350298239635
O=C1NC(C)=CC(C)=C1CN=[N+]=[N-],0.8517320722957159
ClC1=CC=C(OCCN=[N+]=[N-])C=C1,0.7282224828896862
FC1=CC(COC2=CC=C(C=C2Cl)N=[N+]=[N-])=CC=C1,0.5419453151367388
[N-]=[N+]=NC1=CC=C(CN2CCOCC2)C=C1,0.1257277771514372
CN(CC1)CCN1C2=C(N=[N+]=[N-])C=CC=C2,-0.4899837884837443
CN1CCC(C2=CC=C(C=C2)N=[N+]=[N-])CC1,-0.1928619668002922
O=C(OC(C)(C)C)N1CCC(N2N=CC(N=[N+]=[N-])=C2)CC1,-1.312412501345484
COC1=NC=CC(CN=[N+]=[N-])=C1,-0.03946194023892659
[N-]=[N+]=NCC1=CC=C(N2CCOCC2)C=C1,-0.09624898472064441
COC1=C(N=[N+]=[N-])C=CC=C1OC,0.9078531774281988
CCCOC1=CC=C(N=[N+]=[N-])C=C1,1.071638361797831
CCN(CC1)CCN1C2=CC=C(N=[N+]=[N-])C=C2,-0.8735711011609135
[N-]=[N+]=NC1=CNN=C1,-1.663460343385055
CC1=C(N=[N+]=[N-])C=CC=C1C(O)=O,0.8262135437832112
OS(C1=CC=CC(N=[N+]=[N-])=C1)(=O)=O,0.9545452834727691
COC1=C(OC)C=C(CCN=[N+]=[N-])C=C1,-2.102690846652322
O=C1N(C2C(NC(CC2)=O)=O)CC3=C(N=[N+]=[N-])C=CC=C31,0.8583936973943319
OC[C@@H](N=[N+]=[N-])C1=CC=CC=C1,-0.3359710642407102
O[C@H]1CC2=CC=CC=C2[C@H]1N=[N+]=[N-],-0.7579718812179289
O=C(OC)[C@@H](N=[N+]=[N-])CC1=CNC2=CC=CC=C21,-0.7423213995027037
[N-]=[N+]=N[C@@H]1CCCC2=CC=CC=C21,0.9546733563963604
[N-]=[N+]=NC1CC2=CC=CC=C2C1,0.9391853495686876
[N-]=[N+]=NC1=CC=CC=C1NC2=CC=CC=C2,-0.7834414834414485
NC([C@@H](C1=CC=CC=C1)N=[N+]=[N-])=O,0.5743879797194384
[N-]=[N+]=NC1(CC1)C2=CC=CC=C2,1.102636281675035
CC1=CC=C(NC=C2CCN=[N+]=[N-])C2=C1,-1.352133767142888
CC1=C(N=[N+]=[N-])C=CC=C1C(OC)=O,1.170041287578509
OC(CC1=CC=CC(N=[N+]=[N-])=C1)=O,0.9071568515960078
CN(C)CC1=CC=C(N=[N+]=[N-])C=C1,1.058826664599369
[N-]=[N+]=NCC(C=C1)=CC=C1OC2=CC=CC=C2,0.3430481954558379
[N-]=[N+]=NC1=CC=C(CC2=CC=CC=C2)C=C1,1.015166547705983
[N-]=[N+]=NC1=CC=CC(CC2=CC=CC=C2)=C1,1.096400714907117
CCC1=CC(N=[N+]=[N-])=CC=C1,1.086329756349388
FC(F)(F)C1=CC=C(CN=[N+]=[N-])C=N1,1.019652889375416
FC1=CC=C(OCCN=[N+]=[N-])C=C1,1.032895807640603
COC(CC1=CC=C(N=[N+]=[N-])C=C1)=O,0.971314347296206
OC(CC1=CC=C(N=[N+]=[N-])C=C1)=O,1.024840341652448
O=C(N(CC1)C[C@@H]1N=[N+]=[N-])OCC2=CC=CC=C2,-0.8533828648824854
O=C(NC1=CC(N=[N+]=[N-])=CC=C1)C2=CC=CC=C2,-1.172928497317379
CC(NC1=CC=CC(N=[N+]=[N-])=C1)=O,-0.5509605701632971
[N-]=[N+]=NCC1=NC=CC=N1,-0.5169900546385041
CC(N=[N+]=[N-])C1=CC=C(OC)C=C1,0.7431833492590805
[N-]=[N+]=NCCSCC1=CC=CO1,-0.1873725949763776
CCOC1=CC=CC=C1CN=[N+]=[N-],0.990930694310086
FC(F)OC1=CC=C(CN=[N+]=[N-])C=C1,1.056372607659793
[N-]=[N+]=NCCC1=CC([N+]([O-])=O)=CC=C1,-1.891314874681111
C[C@H](N=[N+]=[N-])C1=NC=C(N1)C2=CC=CC=C2,-0.939660784724036
FC1=C(C(N)=O)C=C(N=[N+]=[N-])C=C1,-0.1342400068662776
CC1=C(SC=N1)CCN=[N+]=[N-],-1.231314968770929
FC1=CC=CC(C2(CC2)N=[N+]=[N-])=C1,0.8562305499398293
ClC1=CC=C(CCCCN=[N+]=[N-])C=C1,0.9435094135863198
CC1=CSC(C(C)N=[N+]=[N-])=N1,0.8983699179488804
O=C(OC)C1=CC=CC(CN=[N+]=[N-])=C1,0.7253713314317127
O=C([C@H](N=[N+]=[N-])CO)OCC1=CC=CC=C1,-1.069825386393193
CC1=CC=C(CN=[N+]=[N-])S1,0.815928396313005
O[C@H]1[C@H]([C@@H](C[C@@H]1CO)N=[N+]=[N-])O,0.5036334560481315
BrC1=CN=C(CN=[N+]=[N-])C=C1,-0.7744012326837849
ClC1=NC=CN=C1CN=[N+]=[N-],-1.08317410777744
CN1CCN(CC(C=C2)=CC=C2N=[N+]=[N-])CC1,-0.7231501664888683
CC(N=[N+]=[N-])C1=CC(OCCO2)=C2C=C1,-0.7269421492767694
CC(N=[N+]=[N-])C1=NC2=C(N1)C=CC=C2,0.3746381987459245
[N-]=[N+]=NCC1=CNC=N1,-0.5284431655024546
CC1=CC(CN=[N+]=[N-])=NO1,-0.2274692386860316
CC1=NN(CCN=[N+]=[N-])C(C)=C1,-1.59781832209744
OC(CN=[N+]=[N-])C1=CC=CO1,-0.902559222173261
[N-]=[N+]=NCC1=CSC=N1,-0.9493345149576563
CS(C1=CC=CC=C1CN=[N+]=[N-])(=O)=O,-1.8348781401429
N#CC1=C(F)C=C(CN=[N+]=[N-])C=C1,-1.173901475680464
CC(C)(N=[N+]=[N-])C1=CC(F)=CC(F)=C1,0.8488468144960273
[N-]=[N+]=NCC1=CSC=C1,0.8127169246736873
ClC1=CC=C(C2(CC2)CN=[N+]=[N-])C=C1,0.8079924928887537
FC1=CC(NC=C2CCN=[N+]=[N-])=C2C=C1,-1.937482833593009
O[C@H]1[C@@H](CCC1)N=[N+]=[N-],0.1474628580969436
[N-]=[N+]=N[C@H](C1)[C@@H]1C2=CC=CC=C2,0.6334991962757061
CC1=NN(C)C(CN=[N+]=[N-])=C1,-0.9568364999484692
COC1=CC=CC(OCCCN=[N+]=[N-])=C1,-1.992391230277793
CCN1C=C(CN=[N+]=[N-])C=N1,-1.237952618696906
BrC1=CN=CC(CN=[N+]=[N-])=C1,-1.587795778060287
OC1=CC=CC(CCN=[N+]=[N-])=C1,-2.697876260994188
FC1=C(F)C(F)=CC(CN=[N+]=[N-])=C1,-0.04672496433116045
ClC1=CC=C(C(C)(C)CN=[N+]=[N-])C=C1,0.6429955966964581
[N-]=[N+]=NCC1=NC=CS1,-0.7424049621783638
CC(N=[N+]=[N-])C1=CC=CS1,0.1102803666452806
NC([C@H](CC1=CN=CN1)N=[N+]=[N-])=O,0.02617600726051739
[N-]=[N+]=NCC1=CN=CS1,0.8909452423617268
CCOC(C1=CC=NC(CN=[N+]=[N-])=C1)=O,0.4501144148262428
FC1=CC=CC(C(C)N=[N+]=[N-])=C1,0.547447242987842
FC1=C(CN=[N+]=[N-])C(F)=CC=C1,0.7392792030215557
OC(CN=[N+]=[N-])COC1=CC=C(OC)C=C1,-2.211526100666807
CC1=C(C)C=C(CCN=[N+]=[N-])C=C1,0.3541990573566516
FC1=CC=C(F)C=C1CN=[N+]=[N-],0.5160406253727304
CC1=C(CN=[N+]=[N-])C=CC=C1C,0.8976169850753803
CC1=CC=CC(CCN=[N+]=[N-])=C1,0.7106803886368295
CC1=C(C)C=CC(CN=[N+]=[N-])=C1,0.6147131214915831
CC(C1=NC(CCN=[N+]=[N-])=NO1)C,-0.8069608819200379
OC1=CC=CC=C1CCN=[N+]=[N-],-2.670578563123226
ClC1=CC(CCN=[N+]=[N-])=CC(Cl)=C1,0.8048073223943777
FC1=CC(F)=C(Cl)C=C1CN=[N+]=[N-],0.6384933493347901
CC(N=[N+]=[N-])C1=NC=CC=C1,-0.2418285758012321
[N-]=[N+]=NCCN1C=CN=C1,-0.905342132088297
COC1=C(OC)C=C(CN=[N+]=[N-])C=C1OC,-2.598173696183815
[N-]=[N+]=NCC1=CNN=C1,-1.296373237901636
OC(C[C@H](N=[N+]=[N-])CC1=CC=CC=C1)=O,0.230685999702927
OC1=CC(N=[N+]=[N-])=CC(C(O)=O)=C1,-0.3681520020089786
OCC[C@@H](N=[N+]=[N-])C1=CC=CC=C1,-1.288255678111611
OC1=C(OC)C=CC(CCN=[N+]=[N-])=C1,-2.882113460776371
COC1=CC(CN=[N+]=[N-])=CC(OC)=C1,-1.114198050942841
CC(C)(COCC1)C1N=[N+]=[N-],0.9154373454732864
NC(C1=CC(OC)=CC=C1N=[N+]=[N-])=O,0.001416009823592096
OCC(N=[N+]=[N-])C1=CC=CC=C1C,-0.665468850280146
O[C@H]1CC2=C(C=CC=C2)[C@@H]1N=[N+]=[N-],-1.607663060092029
[N-]=[N+]=NCCC1=CSC=C1,0.836738681749127
[N-]=[N+]=NCC1=CC=C([N+]([O-])=O)C=C1,-0.6173226542442902
ClC1=CC(F)=CC=C1CN=[N+]=[N-],0.8524269435581554
CS(C1=CC=C(CN=[N+]=[N-])C=C1)(=O)=O,-2.164062436394736
ClC1=C(CN=[N+]=[N-])C(Cl)=CC=C1,0.6691516842266042
COC1=C(O)C=CC(CCN=[N+]=[N-])=C1,-2.794881958815048
FC1=CC=C(CN=[N+]=[N-])C(C(F)(F)F)=C1,1.335570501199078
[N-]=[N+]=NCC1=CC([N+]([O-])=O)=CC=C1,-1.240808110665689
FC(F)(F)C1=CC=C(CN=[N+]=[N-])C=C1,0.9316306916078604
CC1=CC=C(C(C)N=[N+]=[N-])C=C1,0.8870507557260802
CC(N=[N+]=[N-])C1=CC=C(F)C=C1,0.7158425867478019
O=C(NCCN=[N+]=[N-])OCC1=CC=CC=C1,-2.291291560599793
OC[C@@H](N=[N+]=[N-])CC1=CC=CC=C1,-1.514678524558206
N#CC1=CC=C(CN=[N+]=[N-])C=C1,-1.37105548169578
COC1=CC=CC=C1CN=[N+]=[N-],0.3482813967997851
COC(C1=CC(CN=[N+]=[N-])=NC=C1)=O,-1.588203474921293
[N-]=[N+]=NCCC1=CC=C([N+]([O-])=O)C=C1,-1.781052514295145
[N-]=[N+]=NC1(CC1)C2=CC=CC=C2,1.161315650392083
O=C(OC)C[C@H](N=[N+]=[N-])C1=CC=CC=C1,0.7472079135717765
O=C1NCCCCC1N=[N+]=[N-],0.7933439250382205
[N-]=[N+]=NCC1=NC2=CC=CC=C2C=C1,-0.8019147468760897
BrC1=CC=CC(CN=[N+]=[N-])=C1,1.032271291624927
O[C@H](CN=[N+]=[N-])C1=CC=CC=C1,-1.657857961902167
CCCOC1=CC=CC(CN=[N+]=[N-])=C1,0.9900771763945126
[N-]=[N+]=NCC1=NC(C2CC2)=NO1,0.7041649843676612
OCC1=CC=CC=C1CN=[N+]=[N-],-1.520455226707871
[N-]=[N+]=NCCCOCC1=CC=CC=C1,-0.09324955625255815
ClC(C=C1)=C(C(F)(F)F)C=C1N=[N+]=[N-],-0.05013261510009965
[N-]=[N+]=NCCC1=NC=CN1,-1.643825611897733
C[C@H](C1=CC=CC=C1)CN=[N+]=[N-],0.5592230738319116
CC1=C(OCC(N=[N+]=[N-])C)C(C)=CC=C1,1.008295698483758
ClC1=CC=C(C2(CC2)N=[N+]=[N-])C=C1,0.9289741901774264
FC1=CC=CC(CCN=[N+]=[N-])=C1,0.7154742740433756
FC(C1=CC=CC=C1CN=[N+]=[N-])(F)F,1.201234754619076
ClC1=CC=C(CCN=[N+]=[N-])C=C1Cl,0.7480880545672196
OC1=CC=C(C[C@@H](N=[N+]=[N-])C(OC)=O)C=C1,-2.231514295349986
CC(C=C1)=CC=C1CN=[N+]=[N-],0.6336818908664473
[N-]=[N+]=NCCC1=CC=CS1,0.8449716259576656
OC1=CC=CC2=C1CCCC2N=[N+]=[N-],-1.340346023277059
[N-]=[N+]=NC1CCCC2=CC=CC=C21,0.8864017669682748
ClC1=CC=C2C(NC=C2CCN=[N+]=[N-])=C1,-1.945126017907335
[N-]=[N+]=NCC(C=CC=C1)=C1[N+]([O-])=O,0.1939354632314113
OC1=C(OC)C=CC(CN=[N+]=[N-])=C1,-2.614702867829104
ClC1=CC=CC(C(O)CN=[N+]=[N-])=C1,-2.211497594988505
O=C(OC)C1=CC=C([C@@H](N=[N+]=[N-])C)C=C1,-0.3911635101118033
[N-]=[N+]=NC1=C(C2=CC=CC=C2)C=CC=C1,1.063922928007042
ClC1=CC=CC=C1[C@@H](N=[N+]=[N-])C,1.186327690522133
CC1=CC=C([C@H](C)N=[N+]=[N-])C=C1,0.4888499331479535
O=C1C(N=[N+]=[N-])CCC2=CC=CC=C2N1,-0.7732587544799991
CC1=CC=C(CN=[N+]=[N-])N=C1,-0.5457054774133172
[N-]=[N+]=N[C@H]1CCC2=C1C=CC=C2,1.229162631090153
FC(F)(F)C1=CC(CCN=[N+]=[N-])=CC=C1,0.7086376527003246
O=C(OC)[C@H](N=[N+]=[N-])CC1=CC=CC=C1,-0.8999649662045375
OC(CN=[N+]=[N-])C1=CC(O)=CC=C1,-2.375922519426585
C[C@@H](C(OCC1=CC=CC=C1)=O)N=[N+]=[N-],-0.4963740926955509
[N-]=[N+]=NCCC1=CC2=CC=CC=C2C=C1,-1.256446085394914
ClC1=CC=C(CN=[N+]=[N-])C=N1,-0.866612673628026
[N-]=[N+]=NCCC1=CC=CC=N1,-1.113186585684695
[N-]=[N+]=NCCC1=CC=CC=C1,0.9929924814104387
COC(C(N=[N+]=[N-])CC1=CC=CC=C1)=O,-0.2517973893384957
[N-]=[N+]=NCC1=CC=CC=N1,-0.5682158490591469
FC1=C(CCN=[N+]=[N-])C=CC=C1,0.8427996556313271
OCC[C@H](N=[N+]=[N-])C1=CC=CC=C1,-1.096322154639451
NC1=NC(CCC(N=[N+]=[N-])C2)=C2S1,-1.611260504287476
BrC(C=C1)=CC=C1CN=[N+]=[N-],0.0727798331313469
O[C@@H]1CC2=CC=CC=C2[C@@H]1N=[N+]=[N-],-1.346340092247883
FC1=CC=C(CCN=[N+]=[N-])C=C1,0.7178276218570361
FC1=CC=C([C@H](N=[N+]=[N-])C)C=C1,0.9026591878670499
[N-]=[N+]=NCCC1=CNC2=C1C=CC=C2,-2.170151919911139
OC1=CC=C(C(CN=[N+]=[N-])O)C=C1,-2.512644092005473
NC(C1=CC=CC(N=[N+]=[N-])=C1)=O,-0.06069332047577198
OC1=CC=C(CCN=[N+]=[N-])C=C1,-2.769242116320593
OC1=CC=C(C(N=[N+]=[N-])C)C=C1,-0.3566807335257734
COC1=CC(OC)=CC=C1CN=[N+]=[N-],-0.9687295176508467
OC1CC2=C(C=CC=C2)C1N=[N+]=[N-],-1.139914614584552
FC1=CC=C(C(N=[N+]=[N-])CCO)C=C1,-1.183006627857089
CC(C)(C)C(N=[N+]=[N-])C1=CC=CC=C1,0.8554454461630838
[N-]=[N+]=N[C@@H]1CCC2=C1C=CC=C2,0.1975085839011896
OCC(N=[N+]=[N-])CC1=CC=CC=C1,-1.775683680365763
ClC1=CC=C(C(N=[N+]=[N-])CCO)C=C1,-1.595090306976764
O=C([C@@H](C1=CC=CC=C1)N=[N+]=[N-])Cl,0.5296861497757945
[N-]=[N+]=NCCC1=CC(OCO2)=C2C=C1,-1.213390000629992
NC1=NC2=C(S1)C[C@H](N=[N+]=[N-])CC2,-0.8511012628992936
[N-]=[N+]=NCC1=CC=NN1,-1.179081627428759
ClC1=CC=C(C(O)CN=[N+]=[N-])C=C1,-2.087623915976141
CC1=CC=C(CN=[N+]=[N-])O1,0.6338959534777754
CC1=NN(C)C=C1CN=[N+]=[N-],-0.2800869071107109
[N-]=[N+]=NCCCC1=CC=CC=C1,0.7800876586045131
[N-]=[N+]=NCC1=CN=CC=C1,-1.001570738337865
ClC1=CC(Cl)=C(CCN=[N+]=[N-])C=C1,0.9959533719922131
C[C@@H](C(C=C1)=CC=C1[N+]([O-])=O)N=[N+]=[N-],-0.431064511709567
OCCC(N=[N+]=[N-])C1=CC=CC=C1,-1.171667729537986
OC[C@@H](C1=CC=CC=C1)N=[N+]=[N-],-0.8887840076720228
O=C(OC)[C@@H](N=[N+]=[N-])CC1=CNC=N1,0.1103294008136029
OC[C@@H](CC1=CC=CC=C1)N=[N+]=[N-],-0.8635774195122979
ClC1=CC=C(CN=[N+]=[N-])C=C1,0.7916693493367056
CC[C@@H](N=[N+]=[N-])C1=CC=CC=C1,0.6409437784428523
BrC1=CC(CN=[N+]=[N-])=CC=C1,0.7272136985963972
CC(C)C1=C(N=[N+]=[N-])C(C(C)C)=CC=C1,0.9136106592229616
OC1=CC=CC=C1N=[N+]=[N-],-1.420546156583856
[N-]=[N+]=NCC1=NC=CN=C1,-0.470702148993167
O=C(C(C=C1)=CC(N=[N+]=[N-])=C1C)OC,1.074123039493342
[N-]=[N+]=N[C@H]1CCCN(CC2=CC=CC=C2)C1,-0.9506156941845271
OC([C@H](CCCCCC1)[C@H]1N=[N+]=[N-])=O,0.3115923264068475
[N-]=[N+]=NCC1=CC=C(C2=CC=CC=C2)C=C1,-0.9932473646247235
[N-]=[N+]=N[C@H]1[C@H](OCC2=CC=CC=C2)CCC1,0.6677647999467622
O=C(OC)C(CC1)(N=[N+]=[N-])CCN1CC2=CC=CC=C2,0.6388745115392073
[N-]=[N+]=NC(C1=CC=CC=C1)C2=CC=CC=C2,1.078793886283537
CC(C)(OC(N(CCN=[N+]=[N-])C)=O)C,0.1767070137026899
CN1C=NC(CCN=[N+]=[N-])=C1,-0.2214139198701766
ClC1=C(CCN=[N+]=[N-])C=C(Cl)C=C1,0.8960742852615696
[N-]=[N+]=NCC1=NC2=CC=CC=C2S1,-0.8781005730184319
ClC1=C(Cl)C=CC(C(C)N=[N+]=[N-])=C1,0.9335601478399347
C[C@H](CN=[N+]=[N-])C1=CC=CC=C1,0.8193756924935861
[N-]=[N+]=NCCC1=CN=CN1,-0.2087223365723494
FC1=CC(O)=C(C=C1)N=[N+]=[N-],-1.452202552902884
OCC(CO)N=[N+]=[N-],0.8291385809795986
ClC1=CC=CC=C1CCN=[N+]=[N-],1.060788383401125
FC1=CC(CN=[N+]=[N-])=CC=C1,1.142190908755737
[N-]=[N+]=N[C@@]12C[C@H](C[C@H]2C3)C[C@H]3C1,1.040136177748114
BrC1=CC=CC(CCN=[N+]=[N-])=C1,0.6738722319003515
CC1=CC=C(C)C=C1CN=[N+]=[N-],1.04607382850502
O=C(C)N(CC1)C2=C1C=CC(N=[N+]=[N-])=C2,-0.5059919524613741
O=C(CC(CN=[N+]=[N-])C1=CC=CC=C1)O,0.2325140227891365
CC(C)C(C=C1)=CC=C1CN=[N+]=[N-],0.9866820093859664
ClC1=CC=C(C(C)N=[N+]=[N-])C=C1,1.053984623081509
CCOC1=CC=C(CN=[N+]=[N-])C=C1,0.2452149746515011
CC(C)OC1=CC=C(N=[N+]=[N-])C=C1,0.8463665221340749
[N-]=[N+]=NC1CCNCC1,-0.248001260910274
CS(CCN=[N+]=[N-])(=O)=O,0.2548284096184062
CC(C)C[C@@H](N=[N+]=[N-])CO,-0.1092321694722554
OC1(CN=[N+]=[N-])CC1,-0.3910753477018118
O=C(OC(C)(C)C)N1CC(CN=[N+]=[N-])C1,-1.323558802862922
CC(C)(C)[Si](C)(C)OCCN=[N+]=[N-],0.1416304750717541
OC1CC(N=[N+]=[N-])C1,-0.3161074038239811
N#CCN=[N+]=[N-],0.8922589946134943
OS(OCCN=[N+]=[N-])(=O)=O,0.5873554586131667
COC([C@@H](N=[N+]=[N-])CC(OC)=O)=O,0.4484349691182273
C[C@H](N=[N+]=[N-])C(N)=O,0.6777806548031626
OCCCCCCN=[N+]=[N-],-2.065133102738702
O=C(OC(C)(C)C)N1CCCC(CN=[N+]=[N-])C1,-1.071263162865575
OC[C@@H](N=[N+]=[N-])[C@@H](C)CC,0.1669218631369747
O=C(OC(C)(C)C)N1CCCC(N=[N+]=[N-])C1,-0.3220169709344707
O=C(C1=CC(OC)=CC=C1OC)CN=[N+]=[N-],0.4045269379708082
O[C@]12C[C@@H](C3)C[C@@H](C[C@]3(N=[N+]=[N-])C2)C1,0.5611368885850506
OC1(CCCC1)CN=[N+]=[N-],-0.4891940579340035
COC(C=CC(C(C)(C1=CC=CC=C1)C)=C2)=C2N=[N+]=[N-],-0.02217725125170593
O=C(NCC(F)(F)F)CN=[N+]=[N-],-0.531846328887978
CC(C)(C)OC(NC(CN=[N+]=[N-])C)=O,-1.330067693333822
CC(C)(C)OC(NCC(C)N=[N+]=[N-])=O,-0.5712070372986969
CC1(OCC(CO1)N=[N+]=[N-])C,0.5247634551005177
[N-]=[N+]=NC1CCSCC1,0.2894312197775932
O[C@H]1C[C@@H](CN=[N+]=[N-])C1,-1.241183597297208
OCC1(N=[N+]=[N-])CCCCC1,1.041952944608664
FC1(F)CCC(CCN=[N+]=[N-])CC1,0.7709943141475263
OCCCCCCCCN=[N+]=[N-],-2.314819914888415
NC(C(C)N=[N+]=[N-])=O,0.5739486933491053
OC(COCCOCCN=[N+]=[N-])=O,0.9531456707742165
OCC1(COC1)N=[N+]=[N-],0.975193767593311
OC(C[C@H](N=[N+]=[N-])C(C)C)=O,0.7999160507237725
O=C(CN=[N+]=[N-])N1CCCC1,0.08855688275759617
CCNC(CN=[N+]=[N-])=O,0.339669796097832
OC([C@@H]1C[C@H](N=[N+]=[N-])CC1)=O,0.8304102235267344
OCCOCCOCCN=[N+]=[N-],-0.1379302353113597
CCC(O)CN=[N+]=[N-],-0.2263059132356222
N#CCCN=[N+]=[N-],0.426279109900312
[N-]=[N+]=NCC1CCOCC1,0.4296241971907141
OC(C)CCN=[N+]=[N-],-0.2789224534350794
C[C@H](CCN=[N+]=[N-])CO,-0.6127252287501775
O=C([C@@H](C)N=[N+]=[N-])N,0.6413757229671538
CCC[C@H](N=[N+]=[N-])C(OCC)=O,1.061713651655375
FC(F)(F)C(O)CN=[N+]=[N-],-0.1620709072680393
[N-]=[N+]=NCCC1OCCO1,-0.1816176749310328
OC([C@@H](C1)C[C@H]1N=[N+]=[N-])=O,0.5686567488569102
CC(C)(C)OC[C@@H](N=[N+]=[N-])C(OC)=O,0.669124355071461
O[C@H]1[C@@H](N=[N+]=[N-])CCCC1,0.07971323710414713
CC(NCCCCCN=[N+]=[N-])=O,-1.687741574509836
CCC(N=[N+]=[N-])C(OCC)=O,0.932447222766316
O=C([C@@H](C(C)C)N=[N+]=[N-])N,-0.069500933614209
NC([C@@H](N=[N+]=[N-])CC(C)C)=O,-0.6266905618813635
CCCNCCCN=[N+]=[N-],-0.7854448419673797
CC(C)(C)OC(CCN=[N+]=[N-])=O,0.8871432751825646
OC([C@H]1CC[C@H](N=[N+]=[N-])CC1)=O,0.5250292283457835
C[C@H](CN=[N+]=[N-])O,0.04208241098565429
COC(C1(CC1)N=[N+]=[N-])=O,0.4305581125400742
[N-]=[N+]=NCC1CCCOC1,0.1910708342406876
CC(C)C[C@H](N=[N+]=[N-])CO,-0.2641795709793845
CCCCC(N=[N+]=[N-])C(OC)=O,0.6800674935628018
O=C(OC)[C@H](CNC(OC(C)(C)C)=O)N=[N+]=[N-],-1.031148534353339
CC(CCN=[N+]=[N-])CO,-0.9447549179042855
OCCCN=[N+]=[N-],-0.2450766114988114
O=C(OC)[C@H](N=[N+]=[N-])CC1CCCCC1,1.028864478084883
O=C1[C@H](CCCCN1)N=[N+]=[N-],0.3715899806178414
OC[C@H](N=[N+]=[N-])C(N)=O,0.79111079104059
O=C([C@@H](C1CCCCC1)N=[N+]=[N-])OC,1.097516309181601
ClC[C@@H](O)CN=[N+]=[N-],-0.3273406372767001
C[C@@H](N=[N+]=[N-])CC(O)=O,0.5846762961965661
O=C([C@@H](CC)N=[N+]=[N-])N,0.1839018076604281
OC(C)(C)CCCC(C)N=[N+]=[N-],-0.50001119154867
CC(N=[N+]=[N-])C,0.6717209194952873
O=C(CCCN=[N+]=[N-])OC(C)(C)C,0.6301644417713187
O=C(C[C@@H](C(OC(C)(C)C)=O)N=[N+]=[N-])N,0.09630274541998554
NC([C@H]([C@H](CC)C)N=[N+]=[N-])=O,-0.3228442988610426
O[C@H](CO)CN=[N+]=[N-],0.3653259583578745
CSCCN=[N+]=[N-],0.226836444260645
OC[C@@H](CC)N=[N+]=[N-],0.3553058729824236
O[C@H]1[C@H](N=[N+]=[N-])CCC1,0.1834656863794435
[N-]=[N+]=NCCN1CCOCC1,0.3815870375910259
CN1C(CCN=[N+]=[N-])CCC1,0.4642717045633942
OCC(N=[N+]=[N-])C(C)C,0.2829714692837216
[N-]=[N+]=NC1CCOC1,0.9023237953762122
COC(OC)CN=[N+]=[N-],0.6839453408415133
CCC(N=[N+]=[N-])CO,-0.1719810541078311
CCOC(CCCN=[N+]=[N-])=O,-0.1405265928561235
OC1CCC(N=[N+]=[N-])CC1,-0.2121557020088634
OCCCCN=[N+]=[N-],-1.214852101682899
CC(C)(C)OC(NCCN=[N+]=[N-])=O,-1.108891172907511
COCCCN(CC1)CCC1N=[N+]=[N-],0.2622661307295191
CC(O)(C)[C@H]1CC[C@H](N=[N+]=[N-])CC1,-1.081325485213787
CCCCC(CC)COCCCN=[N+]=[N-],0.8821376230815562
O[C@H](CO)[C@H]([C@@H]([C@H](CN=[N+]=[N-])O)O)O,0.1436308893637322
CSCC[C@H](N=[N+]=[N-])C(OC)=O,-0.6475257672170838
OCCN=[N+]=[N-],-0.48703718333568
OCCNCCCN=[N+]=[N-],-1.697379310607707
OCC(CO)(N=[N+]=[N-])CO,0.8580771031800548
O[C@H]1[C@H](O)[C@@H](CO)OC(O)[C@H]1N=[N+]=[N-],0.8046389070132401
OC[C@H](N=[N+]=[N-])C(C)C,-0.09814579211882762
C[C@@H](O)[C@H](N=[N+]=[N-])C(N)=O,0.2940727884193289
CC(C)[C@H](N=[N+]=[N-])C(N)=O,-0.5486933702053864
[N-]=[N+]=NCC1CCNCC1,-2.317794325185564
CC(CCO)(C)N=[N+]=[N-],0.8730538103846838
O=C(O)C(CS)N=[N+]=[N-],0.6221902922658059
OCC(O)CN=[N+]=[N-],-0.4775265736295717
CCSCCN=[N+]=[N-],0.416647325675699
CC1(C)NC(C)(C)CC(N=[N+]=[N-])C1,-0.7025972480326738
CCOC(CCCCN=[N+]=[N-])=O,-0.639471484151277
CC[C@H](N=[N+]=[N-])C(N)=O,-0.2908148932048438
NC(C(C)(C)CN=[N+]=[N-])=O,-0.5879126948333289
O=C(OCC)C1(CC1)N=[N+]=[N-],0.2261826723104103
O=C(C[C@@H](C(O)=O)N=[N+]=[N-])OC,0.6313059256968416
O[C@@H]1CC[C@@H](N=[N+]=[N-])CC1,-0.7722592576603491
O=C(N(C)CC1)C1N=[N+]=[N-],0.03592698105689069
CC(N=[N+]=[N-])CCO,-0.3307396878707995
CS(N(CC1)CCC1N=[N+]=[N-])(=O)=O,-0.7017221046253245
CNC(CN=[N+]=[N-])=O,-0.2858477047799603
NC(CN=[N+]=[N-])=O,-0.2335612383438416
O=C(N(C)C)CN=[N+]=[N-],-0.07511233231205261
CC(NCCN=[N+]=[N-])=O,-0.7087242390650788
CCOC(N(CC1)CCC1N=[N+]=[N-])=O,-0.537322714430665
COC1=CC=CC(CN=[N+]=[N-])=C1OC,-1.310032980534265
[N-]=[N+]=NC1CCC2=C1C=CC=C2,0.7363411561137627
FC1=CC=C(NC=C2CCN=[N+]=[N-])C2=C1,-2.218532851294593
[N-]=[N+]=NC1COCCC1,0.3786437640835791
CC([C@@H](C(OC)=O)N=[N+]=[N-])(C)C,0.8025474834528993
CCOC(OCC)CN=[N+]=[N-],0.2410610390766735
O=C(OC(C)(C)C)N(CC1)C[C@H]1N=[N+]=[N-],-0.6779420408471052
OCC(C)N=[N+]=[N-],0.07835510872872481
OC[C@H](O)CN=[N+]=[N-],-0.2157103489056539
CCCCN=[N+]=[N-],1.033885047572699
OC(CC(C)CCN=[N+]=[N-])=O,0.3740976428102252
CC(NCCCCN=[N+]=[N-])=O,-1.267015223043006
CN(C)CCN=[N+]=[N-],0.3043599257563012
CCCN=[N+]=[N-],0.8324764129142176
O=C(NC1=CC=C(C=C1)[N+]([O-])=O)[C@H](CC(C)C)N=[N+]=[N-],-1.595645343126824
CN1CCC(N=[N+]=[N-])CC1,0.3230909244521213
CC(N=[N+]=[N-])C1(C2)C[C@@H]3C[C@H]2C[C@H](C1)C3,0.8605501704928514
COC(CCCCCCN=[N+]=[N-])=O,-0.3763190313138408
O=S1(CCC(N=[N+]=[N-])C1)=O,0.3718700506151471
CN(CCCN=[N+]=[N-])C(OC(C)(C)C)=O,-1.124695422080471
CCOC(CCN=[N+]=[N-])=O,0.04276027655776665
COC(CCCN=[N+]=[N-])=O,-0.2636237155879014
CC(C)(O)CN=[N+]=[N-],0.1152492235054382
FC(F)(C1=CN=C(CN=[N+]=[N-])C(Cl)=C1)F,-1.31145609580747
CC(C)(C)OC(N1CCC(CN=[N+]=[N-])CC1)=O,-1.469093364001843
FC1(F)CCC(N=[N+]=[N-])CC1,0.6521307779041351
ClCCCN=[N+]=[N-],0.5575570008785414
CC(C)(OC(CN=[N+]=[N-])=O)C,0.2997396771454661
OCC(C)(C)CN=[N+]=[N-],-0.5031022583501326
CCNCCCN=[N+]=[N-],-1.003397910596625
[N-]=[N+]=NC1CCOCC1,0.5106432039829822
CC(CO)(CO)N=[N+]=[N-],0.8778612630152967
[N-]=[N+]=NCCCCN1CCCC1,-2.060307812677769
OCCOCCOCCOCCN=[N+]=[N-],-0.08906288536086279
O=C(OCC)C1(N=[N+]=[N-])CCCCC1,0.8876357963568083
OC1(CCC1)CN=[N+]=[N-],-0.7390426468495692
CC(C)(OC(N(C1)CC1(N=[N+]=[N-])C)=O)C,0.4650646285509171
COC(C[C@@H](C)N=[N+]=[N-])=O,0.4845122802853199
NC(NCC(C)(N=[N+]=[N-])C)=O,0.742183618731876
CC(C)(C)[C@@H](N=[N+]=[N-])C(O)=O,0.4803331500860599
[N-]=[N+]=NCC1OCCO1,0.02893540615501586
[N-]=[N+]=N[C@H]1CCOC1,0.6354037319767526
O=S(N1CCC(N=[N+]=[N-])C1)(C)=O,-0.2226443315129168
O=C(CN=[N+]=[N-])N1CCOCC1,-0.2576694620162593
O=C(O)CC(CC)N=[N+]=[N-],0.5777302147355154
O=C(N)[C@H](C(C)(C)C)N=[N+]=[N-],0.03085935402618882
O=C(C(C)(CN=[N+]=[N-])C)OCC,0.7796081351206532
CCN(C1=C2C=CC=C1)C(C=C3)=C2C=C3N=[N+]=[N-],-1.422773835781444
COC(OC)C(N=[N+]=[N-])C,0.4768179717583996
[N-]=[N+]=NCCC1=CCCCC1,0.6555363301299542
CC(C)(C)C(CO)N=[N+]=[N-],0.4289071597722883
CNCCCN=[N+]=[N-],-1.212421449536227
CCCCN(CCCC)CCCN=[N+]=[N-],0.07901212754894962
[N-]=[N+]=NC1CNCC1,-0.01789394320898458
CCOCCCN=[N+]=[N-],1.101809227229559
[N-]=[N+]=NCCCN1CCOCC1,0.1177213013051009
[N-]=[N+]=NCCCN1CCCC1,-0.3110302299379672
CCCCOC([C@]1(N=[N+]=[N-])CCOC1)=O,0.9674860007132459
O=C(OC)[C@@H](N=[N+]=[N-])C1CCCCC1,1.053935950104682
OC[C@@H](N=[N+]=[N-])C(OC)=O,0.681315721102495
O=C1[C@H](N=[N+]=[N-])CCO1,0.9820453821674756
O=C(OC)C1CCC(CN=[N+]=[N-])CC1,-0.9144351293184136
O=C1[C@@H](N=[N+]=[N-])CCO1,1.01350005264521
COC([C@@H](CC1)CC[C@H]1CN=[N+]=[N-])=O,-0.9227694029601009
CSCC[C@@H](N=[N+]=[N-])C(OC)=O,-0.07699514065822548
C[C@H](O)[C@@H](N=[N+]=[N-])C(OC)=O,0.642048033501582
O=C(OC)[C@@H](N=[N+]=[N-])CC1CCCCC1,0.8445685792097676
O=C(OC)[C@H]1CC[C@@H](N=[N+]=[N-])CC1,0.9174787409306148
CCOC(CN=[N+]=[N-])=O,0.4347825580943929
COC([C@@H](C)N=[N+]=[N-])=O,0.6351245750412734
O=C1C(N=[N+]=[N-])CCO1,0.8519308646755857
COC(C(N=[N+]=[N-])C(C)C)=O,0.7642347492144592
O=C([C@H](CO)N=[N+]=[N-])OC,0.3928675115494996
O=C(CC[C@H](C(OC)=O)N=[N+]=[N-])OC,-0.7499870300776567
COC(CCC(N=[N+]=[N-])C(OC)=O)=O,-1.014156623232622
CCOC([C@H](C)N=[N+]=[N-])=O,0.7291747342743664
COC(C1(CCCC1)N=[N+]=[N-])=O,1.116356743839614
CC(C)[C@H](N=[N+]=[N-])C(OC(C)(C)C)=O,0.9782376818191671
O=C([C@H](N=[N+]=[N-])C(C)C)OC,0.9787546332039531
C[C@@H](C(OC)=O)N=[N+]=[N-],1.098334702817111
CCOC([C@H](N=[N+]=[N-])CO)=O,-0.0838998307407376
O=C(N1)C(N=[N+]=[N-])CCC1=O,0.6283198957400551
OC[C@H](C(C)C)N=[N+]=[N-],-0.1713338860738374
O=C(OC)CN=[N+]=[N-],0.4376192321201854
C[C@@H](CC)[C@H](N=[N+]=[N-])C(OC)=O,0.8213002010919129
COC(C(CO)N=[N+]=[N-])=O,0.289507196858182
COC(C(C)(C)N=[N+]=[N-])=O,0.3382213878682298
C[C@H](N=[N+]=[N-])C(OC(C)C)=O,0.9359573202987782
C[C@@H](O)[C@H](N=[N+]=[N-])C(OC)=O,0.2259034388515817
CCOC([C@H](CO)N=[N+]=[N-])=O,-0.01296114799541944
O=C(C1(CCCCC1)N=[N+]=[N-])OC,1.277859867379544
O=C(OC)[C@H]1C[C@H](N=[N+]=[N-])C1,0.3104795431276294
O=C(OCC)C1(N=[N+]=[N-])CCC1,0.7880722356789557
COC(C(C)N=[N+]=[N-])=O,0.5543921045545908
CC(C)C(C=C1)=CC2=C1[C@]3(C)[C@](CC2)([H])[C@@](CN=[N+]=[N-])(C)CCC3,-0.9153554969578
O[C@H](C)[C@H](C(OC)=O)N=[N+]=[N-],0.4504657392859712
NC([C@H]([C@@H](C)O)N=[N+]=[N-])=O,0.589360332436679
[N-]=[N+]=NCC(C1)OCCN1CC2=CC=CC=C2,-1.542756275743099
OC(C=C1)=CC=C1C[C@@H](CO)N=[N+]=[N-],-2.589361036584695
OC1=C(O)C=C(CCN=[N+]=[N-])C=C1,-3.119204200623779
CN(N=C1C=C2)C=C1C=C2N=[N+]=[N-],-2.222989220372754
COC1=C(N=[N+]=[N-])C=CC(N2CCN(C)CC2)=C1,-1.471270342100992
[N-]=[N+]=NC1=CC2=C(C=C1)OCC2,0.3251299300236951
O=C(CO1)NC2=C1C=CC(N=[N+]=[N-])=C2,-1.788927035958633
O=C(N1C[C@@H](CCC1)N=[N+]=[N-])OCC2=CC=CC=C2,-1.642609462767766
CC1=C(O)C=CC(N=[N+]=[N-])=C1,-0.2815016167680436
[N-]=[N+]=NC1CCN(CC2=CC=CC=C2)CC1,-0.7963036688075276
FC1=NC=C(CN=[N+]=[N-])C=C1,-0.9142312437094534
FC1=C(CN=[N+]=[N-])C(F)=C(F)C=C1,0.09518608234290046
CC1=CC=CC=C1CCN=[N+]=[N-],0.5922821200731948
CC1=CC=CN2C(CN=[N+]=[N-])=CN=C12,-0.1684946988762384
CC1=CC=C(CN=[N+]=[N-])C=N1,-1.970622407400328
[N-]=[N+]=NCC1=CC=CC2=C1C=CN2,-2.166096861021969
CC1=CN=C(CN=[N+]=[N-])N=C1,-1.164717449132103
ClC1=CC=C(CN=[N+]=[N-])C=C1F,0.4597430948995203
CC1=CC(C(N)=O)=CC=C1N=[N+]=[N-],0.489609216606927
COC1=C(F)C=C(CN=[N+]=[N-])C=C1,-1.009324743518277
CC1=CC(F)=CC=C1CN=[N+]=[N-],0.4813437709486379
C[C@H]([C@@H](C(OC(C)(C)C)=O)N=[N+]=[N-])O,0.07464816647702878
CC1=CC=C(CN=[N+]=[N-])C=C1F,0.5238688669396449
CC(C)(CO)N=[N+]=[N-],0.9930656513992546
CC1=CC(NC=C2CCN=[N+]=[N-])=C2C=C1,-1.987133515057404
CC1=CC(C)=CC(CN=[N+]=[N-])=C1,-0.07573850094131657
FC1=CC(CN=[N+]=[N-])=CC(F)=C1,0.9968353496250609
FC1=C(CN=[N+]=[N-])C=CC=C1Cl,0.3550232374295301
FC1=CC(F)=CC=C1CN=[N+]=[N-],1.044271793674223
O[C@@H](CN=[N+]=[N-])C1=CC=CC=C1,-2.11197854635026
FC(F)(C(C=CC=C1CN=[N+]=[N-])=C1C)F,1.016853305386752
COC1=C(F)C=CC(CN=[N+]=[N-])=C1,-0.8981546495528167
FC1=CC=C(Cl)C=C1CN=[N+]=[N-],0.5638502245844877
OC(C=CC(CN=[N+]=[N-])=C1)=C1O,-0.4868329135026316
OC1=CC=C([C@H](N=[N+]=[N-])C(OC)=O)C=C1,0.8934649585132671
FC1=CC(F)=CC=C1CCN=[N+]=[N-],0.6561418643902565
[N-]=[N+]=NCC1=CC2=C(OCO2)C=C1,-0.9848762150398961
CC[C@H](N=[N+]=[N-])C1=CC=CC=C1,0.822014901577187
[N-]=[N+]=NC(C1=CC=CC=C1)CC2=CC=CC=C2,0.06463108400614093
NC(C1=C(N=[N+]=[N-])C=CC(Cl)=C1)=O,1.125238460981309
ClC1=CC=CC(CN=[N+]=[N-])=C1,0.8897643754445246
FC(F)OC1=CC=CC=C1CN=[N+]=[N-],0.5046917819970886
FC1=CC(CN=[N+]=[N-])=CC(Cl)=C1,-0.04263158672995097
ClC1=CC(CN=[N+]=[N-])=CC=C1Cl,0.1505181107418509
OCC(C1=CC=CC=C1)N=[N+]=[N-],-1.035574373647685
NC(C(C=C1)=CC=C1N=[N+]=[N-])=O,0.05604143387799188
ClC1=C(Cl)C=CC=C1CN=[N+]=[N-],0.8766701287139369
FC1=CC(CN=[N+]=[N-])=CC=C1F,0.8172903868790329
FC1=CC=CC=C1CN=[N+]=[N-],1.086345935737901
ClC1=CC=CC(F)=C1CN=[N+]=[N-],0.6534947453732383
FC(F)(OC(C=C1)=CC=C1CN=[N+]=[N-])F,1.182573657511622
OC1=CC=C([C@H](C(OC)=O)N=[N+]=[N-])C=C1,0.4593861417810341
O=C(N1CCCC[C@@H]1CN=[N+]=[N-])OC(C)(C)C,-0.9666683382423588
ClC1=CC(CN=[N+]=[N-])=CC(Cl)=C1,0.5296011502162489
C=CCN=[N+]=[N-],1.277413798209559
[N-]=[N+]=NC1CC1,1.186828290465179
COCCN=[N+]=[N-],1.073111827990288
CC1(N=[N+]=[N-])CCOCC1,1.194961268451774
CC1(CC1)N=[N+]=[N-],1.320386841030885
[N-]=[N+]=NCC1CCCC1,1.295815068310515
CN1CCC(CN=[N+]=[N-])CC1,-0.2444302748777212
CC(C)(C)OC([C@@H](N=[N+]=[N-])C)=O,0.8470941425778143
N#CC1(CC1)N=[N+]=[N-],0.4333305145752164
CC(CN=[N+]=[N-])=C,1.238142214665732
CC1CCC(N=[N+]=[N-])CC1,1.218509486201939
FC(F)(F)CCN=[N+]=[N-],1.305221618341732
CC(C)(C)N=[N+]=[N-],1.280773987900969
O[C@@H]1CC[C@@H](N=[N+]=[N-])C1,0.2462683591005926
CC1(N=[N+]=[N-])COC1,1.137540387619541
OC1CS(CC1N=[N+]=[N-])(=O)=O,0.6961618509172632
CN(C)CCCCCN=[N+]=[N-],-1.599273715873786
CCN(CC)CCCCN=[N+]=[N-],-0.3859116628880009
O=C(N1C[C@@]([C@@H]2N=[N+]=[N-])([H])[C@@]2([H])C1)OC(C)(C)C,-1.719007612186181
C[C@H](N=[N+]=[N-])CC(O)=O,0.8175358798846997
CC(OC(CN=[N+]=[N-])=O)C,0.2599902553231557
CN(CC1)CCC1CCN=[N+]=[N-],-1.332169391060745
NC(C1(N=[N+]=[N-])CC1)=O,-1.86577229074414
O=C(C[C@H]1CC[C@@H](CC1)N=[N+]=[N-])O,0.4996954059768689
CC(F)(F)CN=[N+]=[N-],0.9517057647356058
C=CCCN=[N+]=[N-],1.223801260072626
OC1(CCN=[N+]=[N-])CCCCC1,-1.471702627249809
COC[C@H](N=[N+]=[N-])C(O)=O,1.077381593512982
CC(C)[C@H](C(OC(C)(C)C)=O)N=[N+]=[N-],1.023020169860977
CCN(CC)C1CCC(N=[N+]=[N-])CC1,0.2589762039665842
[N-]=[N+]=NC1CCCCCCCCCCC1,0.4095387021147452
FC1(CC(CCC1)N=[N+]=[N-])F,0.8436301797345437
CC1N(CCCN=[N+]=[N-])CCCC1,-0.970671377880636
CC(C)N1CCC(CN=[N+]=[N-])CC1,-0.9705345177540204
OC1CCCC(CN=[N+]=[N-])C1,-1.539070823458253
CN(CCN1CCC(CC1)N=[N+]=[N-])C,-0.1625422447944659
CN1CCC(N(C)C)(CN=[N+]=[N-])CC1,0.183713133817802
O=C(OC1)C[C@@H]1N=[N+]=[N-],0.7759762999642349
C[C@@H](N=[N+]=[N-])CCO,-0.108133275666897
CN1CCN(CCCN=[N+]=[N-])CC1,-0.9864438179962625
CCOC(C1(N=[N+]=[N-])CCCC1)=O,1.114808222919081
CC1(C)[C@H]2[C@H](C)[C@H](N=[N+]=[N-])C[C@@H]1C2,1.004204805333404
CC1(CN=[N+]=[N-])COCC1,0.5381550019736699
CN(C)[C@H]1[C@H](N=[N+]=[N-])CCCC1,0.582338819767846
O=C([C@@H]1CC[C@@H](CC1)N=[N+]=[N-])O,0.8175659166906415
CCN1[C@H](CN=[N+]=[N-])CCC1,0.07246343921185151
COCCCN=[N+]=[N-],0.8558984577479618
CCNCCN=[N+]=[N-],0.4380784104465943
O=C(O)[C@@H]([C@H](CC)C)N=[N+]=[N-],1.134547305663919
CC(C)(OC(N1C(CN=[N+]=[N-])CC1)=O)C,-1.598349357808724
C[C@@H](N=[N+]=[N-])COC,1.096647057058092
CC(C)C(C#N)(N=[N+]=[N-])C,1.180929304761029
[N-]=[N+]=NC1CCCCCC1,1.123983064703013
[N-]=[N+]=NC12C[C@@H]3C[C@H](C2)C[C@H](C1)C3,1.091517327554081
CN1CC(CN=[N+]=[N-])CCC1,-0.2761751539577725
CC(C)NCCN=[N+]=[N-],0.3982376955139117
CCN1C(CN=[N+]=[N-])CCC1,0.05566700450048719
[N-]=[N+]=NCCN1CCCC1,-1.252192489777512
COC(C=C1C(OC)=O)=CC=C1N=[N+]=[N-],-0.6758025278296065
[N-]=[N+]=NCC1=CC(OCCO2)=C2C=C1,-1.441517643062678
[N-]=[N+]=NC1=CC=C2C(N=CC=N2)=C1,-0.1890300621218423
O=C(NC)C1=CC=C(N=[N+]=[N-])C=C1,0.07076549092998101
O=C1OC[C@@H](CC(C=C2)=CC=C2N=[N+]=[N-])N1,-1.050610968182771
CC1=NC2=C(C=C1)C=C(N=[N+]=[N-])C=C2,-0.8495783155381775
[N-]=[N+]=NC1=CC=CC=C1OC2=CC=CC=C2,0.6618649075134408
FC1=CC(C(N)=O)=C(N=[N+]=[N-])C=C1,0.4134842444626513
NC(C(C=C1)=CC(N=[N+]=[N-])=C1C)=O,-0.2373133838521654
NC(C1=C(N=[N+]=[N-])C=CC=C1)=O,0.5752480364503432
COC(C(C)(CN=[N+]=[N-])C)=O,0.5294672430530578
O=C(N1C[C@@]([C@H]2N=[N+]=[N-])([H])[C@@]2([H])C1)OC(C)(C)C,-1.524495800693551
ClC1=CC=CC2=C1C(CCN=[N+]=[N-])=CN2,-2.177378424302806
ClC1=CC=C(C(C)N=[N+]=[N-])S1,0.9736472127925091
OC(CN=[N+]=[N-])CN=[N+]=[N-],-1.230954712659477
[N-]=[N+]=N[C@@H](CCC1)[C@H]1N=[N+]=[N-],0.8487328711210868
[N-]=[N+]=N[C@@H]1[C@H](N=[N+]=[N-])COC1,-0.3485807960149
[N-]=[N+]=NCCSCCN=[N+]=[N-],-1.45978918766636
[N-]=[N+]=NCC1=CC=CC=C1CN=[N+]=[N-],-0.968880414166845
OC([C@H](N=[N+]=[N-])CCN=[N+]=[N-])=O,0.470355298885941
[N-]=[N+]=NCCCCCCCCN=[N+]=[N-],-0.0550539462204548
[N-]=[N+]=NCCOCCOCCN=[N+]=[N-],-1.247283532695973
[N-]=[N+]=NCC1=CC=C(N=[N+]=[N-])C=C1,-0.04647981612800327
[N-]=[N+]=NCC1=CC=CC(CN=[N+]=[N-])=C1,-1.579021710288464
[N-]=[N+]=NCC1CCCC(CN=[N+]=[N-])C1,-0.1938133025223995
[N-]=[N+]=NCCCCCN=[N+]=[N-],0.582996597092046
[N-]=[N+]=NCCCOCCOCCCN=[N+]=[N-],-1.544200568637549
[N-]=[N+]=NCCN=[N+]=[N-],0.3833737285894023
[N-]=[N+]=NCC1=CC=C(CN=[N+]=[N-])C=C1,-1.478683996746342
O=C(O)[C@@H](N=[N+]=[N-])CCN=[N+]=[N-],0.4909029308946486
[N-]=[N+]=N[C@H]1CCCC[C@@H]1N=[N+]=[N-],0.8275678837090287
[N-]=[N+]=NC(C=CC=C1)=C1OCCOC2=C(N=[N+]=[N-])C=CC=C2,-1.623297741848395
[N-]=[N+]=N[C@@H]1[C@H](N=[N+]=[N-])CCCC1,0.5223892315923022
CN(CCCN=[N+]=[N-])CCCN=[N+]=[N-],-0.4491469862071939
CC(CN=[N+]=[N-])(C)CN=[N+]=[N-],1.006351128060152
[N-]=[N+]=NCC1=CC(N=[N+]=[N-])=CC=C1,-1.268371262773592
[N-]=[N+]=NCC1CCC(CN=[N+]=[N-])CC1,-0.6581330027343437
CCC(N=[N+]=[N-])CCN=[N+]=[N-],0.794791013935025
[N-]=[N+]=NCCC1=NC2=CC=CC=C2N1,-2.671044758542962
O=C(C(C)(C)N=[N+]=[N-])OCC1=CC=CC=C1,1.005740170035852
[N-]=[N+]=N[C@H]1CCCC[C@@H]1OCC2=CC=CC=C2,-0.2615324696441473
O[C@@H]1[C@@H](CO)OC(O)[C@H](N=[N+]=[N-])[C@H]1O,1.018951882822809
[N-]=[N+]=NC1C2=C(C=CC=C2)C3=CC=CC=C31,0.8082343473020159
NC([C@H](CC1=CNC2=CC=CC=C12)N=[N+]=[N-])=O,-2.424332730057921
FC(F)(F)C1=CC(CN=[N+]=[N-])=CC(C(F)(F)F)=C1,1.101623720152209
[N-]=[N+]=NCCNC1=CC=CC2=CC=CC=C21,-2.798982821802749
ClC1=CC=CC(Cl)=C1CCN=[N+]=[N-],0.6513184827341585
ClC1=CC(CN=[N+]=[N-])=C(Cl)C=C1,0.7343354038185976
COC1=C(Cl)C=C(CN=[N+]=[N-])C=C1,-1.236767608478041
ClC1=C(CN=[N+]=[N-])C=CC(Cl)=C1,1.124318787408292
OC1CCCC2=C1C=C(N=[N+]=[N-])C=C2,-1.059102449089566
ClCC(C)CN=[N+]=[N-],1.033214580845217
C[C@]1(O)CC[C@@H](N=[N+]=[N-])CC1,-0.2134167357275203
O=C(OC)C12CCC(CC2)(N=[N+]=[N-])CC1,0.8711379908227597
COC(C1=CSC(CN=[N+]=[N-])=N1)=O,-2.114667701610812
O=C1CCCCN1CCN=[N+]=[N-],-1.154346996072907
N#CC1=CC=CC(CN=[N+]=[N-])=C1,-1.423667569449832
N#CC1(CCC1)N=[N+]=[N-],0.7304673456639867
CC1=CC=CN2C1=NN=C2CN=[N+]=[N-],-1.468799801657235
CC1=CC(N2C=C1)=NN=C2CN=[N+]=[N-],-1.46297025090691
CN1C=CC=C1CN=[N+]=[N-],-0.6100985587360137
FC(F)(F)C1=CC=CN=C1CN=[N+]=[N-],1.106501380917765
CC1(COC1)CN=[N+]=[N-],0.2675827532738079
CC1=CC(C)=CC(OCC(C)N=[N+]=[N-])=C1,0.7368222931765019
CN1C(CN=[N+]=[N-])=NC2=C1C=CC=C2,-1.779373371316383
CS(C1=CN=C(CN=[N+]=[N-])C=C1)(=O)=O,-1.356745858453863
CC(N=CS1)=C1CN=[N+]=[N-],-1.199574941623706
CN1C(CN=[N+]=[N-])=NC=C1,-0.8978489760022027
FC(F)C1=C(CN=[N+]=[N-])C=CC=C1,0.9231213428818188
FC1=C(CN=[N+]=[N-])N=CC=C1,-0.5982629726840216
[N-]=[N+]=NC1(C2)CC2C1,0.7272248283978779
CN(CCCCN=[N+]=[N-])C,-0.6971816005102243
FC(F)OC1=CC=CC(CN=[N+]=[N-])=C1,0.2047562118659679
[N-]=[N+]=NCC1=CC(NC=C2)=C2C=C1,-2.384024039013966
CNC(CCN=[N+]=[N-])=O,-0.2211930670247376
CC(N=[N+]=[N-])C(N(CC)CC)=O,-0.1616605280880694
CC(CN=[N+]=[N-])(C)C1=CC=CC=C1,0.7729290304631237
[N-]=[N+]=NC/C=C/C1=CC=CC=C1,0.5730133114281084
CS(NCCN=[N+]=[N-])(=O)=O,-0.6720240929565606
O=C(C1(CN=[N+]=[N-])CC1)OCC,0.1778491108739217
CCCN1C=C(CN=[N+]=[N-])C=N1,-1.29752899930273
CC(C)N1C=C(CN=[N+]=[N-])C=N1,-1.130516802008763
[N-]=[N+]=NCCC1CCCCO1,0.5803240020266527
CC(OC(N[C@@H]1C[C@@H](C1)N=[N+]=[N-])=O)(C)C,-0.9641868906110536
[N-]=[N+]=NCC1CNCCO1,-0.9147819641965986
FC1=CN=CC(CN=[N+]=[N-])=C1,-0.1807117541495754
[N-]=[N+]=N[C@@H]1CCOC1,0.7632613237022522
C=C(C(NCCCN=[N+]=[N-])=O)C,-1.233669327653966
OCC1(CCCC1)N=[N+]=[N-],1.022951543722781
OC[C@@H](N=[N+]=[N-])[C@@H](C)O,0.6874354145934831
CC(N=[N+]=[N-])CC1=CC2=C(OC=C2)C=C1,0.2007180622424832
OCC1(CO)CC(C1)N=[N+]=[N-],-0.0968267478380102
COC(C1(COC1)N=[N+]=[N-])=O,1.043334715951032
[N-]=[N+]=NC1CSC1,0.06380416278064414
[N-]=[N+]=NC(C1=CC=CC=N1)C2=CC=CC=C2,-0.9871037324654834
[N-]=[N+]=NCCCOC1=CC=CC=C1,-0.134535636522834
CC1=NC(OC)=C(CN=[N+]=[N-])C(C)=C1,0.3098765670981211
FC(F)(F)C1=CN=C(CN=[N+]=[N-])C=C1,0.4857397026135404
[N-]=[N+]=NCC1=C2NN=CC2=CC=C1,-2.298520579066049
OC(CN=[N+]=[N-])C1=CC([N+]([O-])=O)=CC=C1,-2.792023087764909
FC(F)(F)C1=NNC(CN=[N+]=[N-])=C1,-1.8142825817868
C[C@H](C1=CC(F)=CC(F)=C1)N=[N+]=[N-],1.138384584279979
OC1(CCOCC1)CN=[N+]=[N-],-0.0573510303164081
[N-]=[N+]=NCC1=CC2=CNN=C2C=C1,-2.706797578821411
[N-]=[N+]=N[C@@H]1COCCC1,0.5953736947656217
FC1=C(F)C=CC(CCN=[N+]=[N-])=C1,0.5169512594953485
C[C@@H](N=[N+]=[N-])CC1=CNC2=CC=CC=C21,-1.914046852660331
CN(C[C@H](C1=CC=CC=C1)N=[N+]=[N-])C,0.01151001197690982
[N-]=[N+]=N[C@@H]1C2=CC=CC=C2OCC1,0.6620897022964202
[N-]=[N+]=N[C@H]1COC2=CC=CC=C2C1,-0.3073703137347692
ClC1=CC=C(CC(N=[N+]=[N-])CC2)C2=C1,0.6159096308600303
[N-]=[N+]=NCC1=CC=CC(C2=NC=CO2)=C1,-1.837982456056291
C[C@@H](C1=CC(F)=CC(F)=C1)N=[N+]=[N-],1.183371609669164
BrC1CCC(N=[N+]=[N-])CC1,0.9368983171514964
[N-]=[N+]=NCC1=CC=CC=C1OCC2CC2,0.3231311077005004
[N-]=[N+]=NC1COCC2=CC=CC=C12,-0.7057337531751214
OCC1=CC=C(CN=[N+]=[N-])C=C1,-2.517706770371932
CC(C)[C@H](N=[N+]=[N-])C(N1CCCC1)=O,-0.6156565133053848
CC(C)(C)NC(CCN=[N+]=[N-])=O,-0.8429132019461422
CN1CCC[C@@H](N=[N+]=[N-])C1,0.8437038290721152
[N-]=[N+]=NCC1=CC=CN=N1,-0.8805287574760733
C[C@@H](C1=CC=CC([N+]([O-])=O)=C1)N=[N+]=[N-],-0.8063046721940549
[N-]=[N+]=NC1CCCC2(OCCO2)C1,0.519850738569803
CC(C)(N=[N+]=[N-])C1=CC=CC=C1OC,1.113363457906771
OCC(C)CN=[N+]=[N-],-0.3523828707597685
N#CC1(CC1)CN=[N+]=[N-],-0.4886820619130562
C[C@H](C1=CN=CC=C1)N=[N+]=[N-],-0.2205087348977717
[N-]=[N+]=NCC1=CC=CC2=C1SC=C2,-0.912474634682707
ClC1=CN=C(CN=[N+]=[N-])C=N1,-0.6898584432538283
OCC(N=[N+]=[N-])C1=CC2=CC=CC=C2C=C1,-1.536074850463692
C[C@@H](N=[N+]=[N-])C1CC1,1.310670652748526
N#CCC1(CCCC1)N=[N+]=[N-],1.267510963631513
CC(C)(C)OC(NCC(O)CN=[N+]=[N-])=O,-0.5842687136009722
COC(C1=C(CCN=[N+]=[N-])C=CC=C1)=O,-0.4408383922631267
CCCCOC(C1(COCC1)N=[N+]=[N-])=O,1.031328255276263
NC(C1=CC(CN=[N+]=[N-])=CC=C1)=O,-2.166710391705284
COCC(N=[N+]=[N-])C1=CC=CC=C1,0.8933067463555957
[N-]=[N+]=NCCN1N=NC=C1,-0.8175281211267132
O=C(NCC(C)CN=[N+]=[N-])OC(C)(C)C,-0.7919425044565721
FC1=CC=C(C(C)(N=[N+]=[N-])C)C=C1,-0.2820945564954621
OC(C1=CC=C(C)C(C)=C1N=[N+]=[N-])=O,0.2660491389022412
N#CC1=C(C=CC(N=[N+]=[N-])=C1)F,0.8829389454543871
O=C(OC(C)(C)C)N(CC1)CCN1C2=CC=C(N=[N+]=[N-])C=C2,-0.07125129161762318
CCOC(C(C)(C)N=[N+]=[N-])=O,1.19636707994623
O=C1N(CCN=[N+]=[N-])CCN1,-0.1236957887992508
ClC1=C(O)C=CC(N=[N+]=[N-])=C1,-0.5181903844211497
CC1=CC=C(N=[N+]=[N-])C=C1C(O)=O,0.9012399544119012
[N-]=[N+]=NC1=CC=CC(C2=CC=CC=C2)=C1,0.9919959171070528
FC1=C(C(F)(F)F)C=C(N=[N+]=[N-])C=C1,1.079676290186639
O[C@H](C1=CC=CC=C1)[C@@H](N=[N+]=[N-])C2=CC=CC=C2,-0.9100360108327934
OC(C1=C(Cl)C=C(N=[N+]=[N-])C=C1)=O,0.9134625340122554
OC[C@@H](N=[N+]=[N-])[C@H](O)C1=CC=C([N+]([O-])=O)C=C1,-1.89819616215613
OC(C1=CC(C(O)=O)=CC(N=[N+]=[N-])=C1)=O,0.9434894271693738
CC1=CC=C(C(N=[N+]=[N-])=C1)O,-1.084312956142577
O=C(C(C=C1)=CC=C1CN=[N+]=[N-])O,0.06718421727857235
CC(C1=CC=CC(N=[N+]=[N-])=C1)=O,0.3559673502498858
OC(C1=CC=C(N=[N+]=[N-])C=C1)=O,0.9995474532771182
OC1=CC=C(C(C)(C)C)C=C1N=[N+]=[N-],-0.4073452821317617
O[C@H]([C@H](N=[N+]=[N-])C1=CC=CC=C1)C2=CC=CC=C2,-1.070853492633048
ClC1=CC=C(N=[N+]=[N-])C(C)=C1,0.7441674987505323
[N-]=[N+]=NCCN1CCCCC1,0.562115326394498
N#CC1=CC=CC(N=[N+]=[N-])=C1,0.8928055659945066
[N-]=[N+]=NCCC1=CC=CN=C1,-1.824610385889412
O=C(C1=CC=C(C=C1)OC)CN=[N+]=[N-],0.6180996725065259
[N-]=[N+]=NCCN1CCNCC1,-1.101869885080599
[N-]=[N+]=NCCC1CCOCC1,0.5532495149147716
FC(F)(F)C1=CC=CC(N=[N+]=[N-])=C1,1.051470642865319
ClC1=CC=C(OC2=CC=CC=C2N=[N+]=[N-])C=C1,0.4600101627801875
[N-]=[N+]=NC1=CC2=CC=CC=C2N=C1,0.1522022502231102
[N-]=[N+]=NC1=CC=CC=C1C2=CC=CC=C2,0.4854460576449284
OC(CN=[N+]=[N-])COC1=CC=CC=C1,-2.129436218074907
O=S(NC(C1=CC=CC=C1)=O)(C2=CC=C(C=C2)N=[N+]=[N-])=O,0.2761097269127072
O=S(NC(C)=O)(C1=CC=C(C=C1)N=[N+]=[N-])=O,0.8313945082139337
O=S(NC1=NC=CC=N1)(C2=CC=C(C=C2)N=[N+]=[N-])=O,0.6833222226023395
COC1=NC(OC)=NC(NS(=O)(C2=CC=C(C=C2)N=[N+]=[N-])=O)=C1,0.6052796988098699
COC1=C(NS(=O)(C2=CC=C(C=C2)N=[N+]=[N-])=O)N=CN=C1OC,0.5195524273542486
COC1=C(NS(=O)(C2=CC=C(C=C2)N=[N+]=[N-])=O)N=CC=N1,0.7084252112274922
O=S(NC1=NN=C(C)S1)(C2=CC=C(C=C2)N=[N+]=[N-])=O,0.4360755309933881
O=S(NC1=CC(OC)=NC=N1)(C2=CC=C(C=C2)N=[N+]=[N-])=O,0.4146326768733954
CCOC(C1=CC=C(C=C1)N=[N+]=[N-])=O,1.063297947012655
O=C(OC(C)(C)C)[C@H](N=[N+]=[N-])C1=CC=CC=C1,1.17205015035844
O=S(NCCN=[N+]=[N-])(C1=CC=CC2=C1C=CN=C2)=O,-2.895898348920675
COC1=CN=C(NS(=O)(C2=CC=C(C=C2)N=[N+]=[N-])=O)N=C1,0.3577377760960404
CC1=NC=CN1CCN=[N+]=[N-],-0.8966400683317552
CC(CO)(N=[N+]=[N-])C,0.6883770676203362
C[C@@H](N=[N+]=[N-])C1=CC=CC=C1,0.7623981727056621
CCOC(CC(C)(C)N=[N+]=[N-])=O,1.099927767371067
BrC1=CC=C(NN=C2N=[N+]=[N-])C2=C1,-1.000929105561036
O=C(OC(C)(C)C)N1CCC[C@@H](CN=[N+]=[N-])C1,-1.100699635598897
C[C@H](N=[N+]=[N-])C1CC1,1.171503015929652
O[C@@H]1CCCC[C@H]1N=[N+]=[N-],0.3123587875913553
O=C(O)C1=CC(N=[N+]=[N-])=CC(C(F)(F)F)=C1,0.8457714081023332
O=C(C(C(C)C)N=[N+]=[N-])OCC,1.171274102982293
O=C1CCC2=C(N1)C=C(N=[N+]=[N-])C=C2,-0.268644073689345
O=S(C1=CC=C(N=[N+]=[N-])C=C1)(NC2=NOC(C)=C2)=O,0.4153028448563147
CC(N=[N+]=[N-])C1=NC=CS1,0.4059737208076741
FC1=CC(CN=[N+]=[N-])=CC(C(F)(F)F)=C1,0.607799645649945
[N-]=[N+]=NCC1=NOC=C1,0.3078039486772065
[N-]=[N+]=NCC1=CC2=C(NC=C2)C=C1,-1.892658645971467
FC(F)(OC1=C(CN=[N+]=[N-])C=CC=C1)F,1.079961796774105
[N-]=[N+]=NCCOC1CCCC1,1.067562214023763
FC(OC1=C2CN=[N+]=[N-])(OC1=CC=C2)F,0.3731471315628516
[N-]=[N+]=NCC1(COC1)NCC2=CC=CC=C2,-1.341955292221287
ClC1=C(F)C=CC(CN=[N+]=[N-])=C1,1.031659797597342
CC1(C)CC1N=[N+]=[N-],1.227759472238608
CC(C)(C)OC(C(C)(C)N=[N+]=[N-])=O,1.204094197443956
O=C1CC(CN=[N+]=[N-])CN1C,-0.01990914797651633
CC[C@H](N=[N+]=[N-])C(OC(C)(C)C)=O,0.7988867927971748
FC(F)CN=[N+]=[N-],0.9874080415125271
FC(F)(F)OC1=CC=CC(CN=[N+]=[N-])=C1,0.987263004676523
COC[C@H](C)N=[N+]=[N-],0.9959864809951031
O=C(OCC)C(N=[N+]=[N-])C1=CC=CC=C1,1.195453458264033
[N-]=[N+]=NC1CCC1,1.107365817968517
C[C@@H]1CC[C@@H](N=[N+]=[N-])CC1,1.248976017461067
[N-]=[N+]=NC1CCCCCCC1,1.007475807545702
O=C([C@H](C1=CC=CC=C1)N=[N+]=[N-])OC,1.035615357182596
CC(N=[N+]=[N-])C1CCCCC1,1.110141576650669
[N-]=[N+]=N[C@H]1[C@@H]2CC[C@@H](C2)C1,1.241892964415515
[N-]=[N+]=NCCCN1C=CN=C1,-0.7837029653311801
CCCCOCCCN=[N+]=[N-],0.8892572344908706
[N-]=[N+]=NC1CCCCC1,1.095673749348682
CCCCCCCCCN=[N+]=[N-],1.156833255524546
CC1=CC(CN=[N+]=[N-])=CC=C1,1.065501607863964
COC([C@@H](C1=CC=CC=C1)N=[N+]=[N-])=O,1.117890155524237
FC(C=C1)=CC=C1CN=[N+]=[N-],1.181875001227049
[N-]=[N+]=NC1CC=CC1,1.022825542989239
O=S1(CC(N=[N+]=[N-])C=C1)=O,0.9258654586188931
OC(C1=CC(CN=[N+]=[N-])=CC=C1)=O,0.6063984376933228
COC(C=C1CN2CCC(C=C3)=CC=C3N=[N+]=[N-])=C(C=C1CC2)OC,-0.08426264480422767
ClC1=CC=C(C=C1)CC(N=[N+]=[N-])C(OCC)=O,-0.9164824299132782
CC1=NC=C([N+]([O-])=O)N1CCN=[N+]=[N-],-2.565384943214911
NC(C(CC1=CC=CC=C1)N=[N+]=[N-])=O,-1.1560016432408
FC1=CC(O)=CC=C1N=[N+]=[N-],-1.577635966532679
COC1=CC=CC=C1OCCN=[N+]=[N-],-1.263794074333118
C=CCOC(NCCCCCN=[N+]=[N-])=O,-1.800707343294058
O=C([C@H](CO)N=[N+]=[N-])OC(C)(C)C,0.2409461244429604
CCCCCOC(CN=[N+]=[N-])=O,0.9406241364029471
O=C([C@@H](CC(OC)=O)N=[N+]=[N-])OC,1.014875903885909
OC[C@@H](N=[N+]=[N-])CC1CCCCC1,-0.7152948194643557
O=C(O)[C@@H](N=[N+]=[N-])COCC1=CC=CC=C1,0.8720775634467587
[N-]=[N+]=NCCSC(C1=CC=CC=C1)(C2=CC=CC=C2)C3=CC=CC=C3,1.383399552604553
CC(C)(OC(N[C@H](C(OC)=O)CN=[N+]=[N-])=O)C,-0.9852174534796679
O=C(NCCCCN=[N+]=[N-])OCC=C,-1.963182680195258
COC(CCCCCN=[N+]=[N-])=O,-0.2462702649278716
CC(C1=CC=C(N=[N+]=[N-])C=C1C)C,1.162191511743097
FC(F)(F)C1=CC=C(N=[N+]=[N-])C=C1,1.219322017955653
ClC1=CC=C(C(N=[N+]=[N-])C2=CC=CC=C2)C=C1,1.009569441955685
CC(C)(OC([C@@H](N=[N+]=[N-])CC(OCC1=CC=CC=C1)=O)=O)C,-0.992401562677621
O=C(N(CC1)CCN1C(CCN=[N+]=[N-])=O)OC(C)(C)C,-1.005350646494442
CCC1=CC(O)=C(N=[N+]=[N-])C=C1,-1.206977086977013
CC(C)(OC([C@@H](N=[N+]=[N-])CCCNC(OCC1=CC=CC=C1)=O)=O)C,-1.054061423568364
CC(OC(C)(C)C)[C@@H](N=[N+]=[N-])C(OC)=O,1.046806749684029
FC(C=C1)=C(C=C1CN=[N+]=[N-])Br,1.098206835363494
O=C1C[C@@H](N=[N+]=[N-])CO1,0.9722247057664077
C[C@H]1CC[C@@H](N=[N+]=[N-])CC1,1.219171795033768
O[C@@H]1CCCC[C@H]1N=[N+]=[N-],0.4259648174673832
O[C@H](CO)CN=[N+]=[N-],0.7192783568908414
CC(N=[N+]=[N-])C(C1=CC=CC=C1)C2=CC=CC=C2,-0.04275109991408039
BrC1=CC(F)=C(CN=[N+]=[N-])C=C1,1.087425692134885
CC(C)(OC(NCCC[C@H](N=[N+]=[N-])C(OC)=O)=O)C,-1.132961844000946
O=C1CCC(N=[N+]=[N-])CC1,0.2365069075919317
CC(C[C@@H](N=[N+]=[N-])C(OC(C)(C)C)=O)C,1.180201478985011
O=C(OC(C)(C)C)[C@H](CC(OC)=O)N=[N+]=[N-],0.288911957428225
O=C([C@H](CC(OC(C)(C)C)=O)N=[N+]=[N-])OC(C)(C)C,0.8070404440210018
O=C(OC(C)(C)C)N1CCC(CC1)N=[N+]=[N-],-0.04410083723720719
COC([C@H](CCNC(OC(C)(C)C)=O)N=[N+]=[N-])=O,-0.4382988883378416
CC(C1=CC=CC(Br)=C1)N=[N+]=[N-],1.011185929775568
O=C(OCC1=CC=CC=C1)N2CC[C@@H](C2)N=[N+]=[N-],-1.197075332661001
CC1=CC=C(C=C1NC2=NC(C3=CN=CC=C3)=CC=N2)N=[N+]=[N-],-1.524517477006273
FC1=C(C)C=CC(N=[N+]=[N-])=C1,1.054693036585689
O=C([C@@H](C(C)C)N=[N+]=[N-])OCC,1.032118336897879
CC(CC(N=[N+]=[N-])C1=NC=CC=C1)C,0.7316550256906896
N#CC(C)(C)N=[N+]=[N-],1.109548099146414
OC(CCC1)CC1N=[N+]=[N-],-0.07388597921638976
O=C([C@@H](CCC(OC)=O)N=[N+]=[N-])OC(C)(C)C,-0.4507706045220016
COC1=CC(C(C2=CC=CC=C2)N=[N+]=[N-])=CC=C1,-0.2029919231834677
FC(F)(C1=CC(N=[N+]=[N-])=CC(C)=C1)F,1.207836169535138
CC(C=CC(Br)=C1)=C1N=[N+]=[N-],0.8769199367956261
CC1=CC=CC(N=[N+]=[N-])=C1F,1.081684178913408
FC(C=C1)=CC=C1CCN=[N+]=[N-],0.8816466079045566
FC1=CC(N=[N+]=[N-])=CC(C)=C1,1.001883406228331
CC1(OC(CC(CC(OC(C)(C)C)=O)O1)CCN=[N+]=[N-])C,-0.6338746513659224
C[C@H](O)CN=[N+]=[N-],0.5789627960206519
CC(N(CC1)CCC1N=[N+]=[N-])=O,0.4498398073205985
COC(C=C1N=[N+]=[N-])=C(C=C1)OC,-0.7614507755013499
[N-]=[N+]=NC1=CC=C(C=C1)OC2=CC=CC=C2,0.668196836451657
[N-]=[N+]=NCCCNCC1=CC=CC=C1,-1.334288866546416
FC(F)(OC(C=C1)=CC=C1N=[N+]=[N-])F,1.059287678505897
COC1=C(Br)C=CC=C1N=[N+]=[N-],1.017770026269126
ClC1=CC2=C(NC=C2CCN=[N+]=[N-])C=C1,-1.498811455342599
O=C(N(CC1)CC2=C1C=CC(N=[N+]=[N-])=C2)OC(C)(C)C,-1.175916242758757
[N-]=[N+]=NC(C=C1)=CC2=C1CCC2,0.9160880972092609
IC(C=C1)=CC(C)=C1N=[N+]=[N-],1.045984621513345
O=C(C)NC1=NC(C2=CC(N=[N+]=[N-])=CC=C2)=CS1,-0.7108362417011057
[N-]=[N+]=NC(C1CC1)C2CC2,1.166240237067798
O=C(C1=CC=C(N=[N+]=[N-])C=C1)N2CCOCC2,0.4208923840165544
[N-]=[N+]=NC1=CC2=C(C=C1)SC=N2,-1.104614308735898
CC(C)(OC(N1CCC[C@H](C1)N=[N+]=[N-])=O)C,-0.3092089734830148
O=C(OC(C)(C)C)N1C[C@@H](N=[N+]=[N-])CC1,-0.1966650060646288
COC1=C(CN=[N+]=[N-])C=CC(OC)=C1,-0.9854758077524166
SC1=NC2=CC(N=[N+]=[N-])=CC=C2N1,-1.103086833513313
CC1=CC=CC(C)=C1CN=[N+]=[N-],1.128274968294578
OC[C@H](N=[N+]=[N-])CC1=CNC2=C1C=CC=C2,-1.726294430640204
[N-]=[N+]=NC1=CC=CC(N2C=NC=N2)=C1,-0.1064112115872897
CC(C)(OC(NCCCCN=[N+]=[N-])=O)C,-0.9615974532002228
CC(C)(OC(N1CCC(CC1)N=[N+]=[N-])=O)C,-0.007013550794292451
OC(CCCC1)C1N=[N+]=[N-],0.50659957460996
CN(C1C2)C(CC1)CC2N=[N+]=[N-],1.178325101032642
CNCCN=[N+]=[N-],0.3362779237032875
FC(C=C1)=CC(OC)=C1N=[N+]=[N-],0.8286386406269259
O=C(N1[C@H](CN=[N+]=[N-])CCCC1)OC(C)(C)C,-0.8813215807036001
IC1=C(C)C=CC(N=[N+]=[N-])=C1,1.178699802242159
FC(F)(F)C1=CC(CN=[N+]=[N-])=CC=C1,0.8822054106444003
FC(C=C1F)=C(C=C1)N=[N+]=[N-],1.210561546551159
OC(CC1)CCC1N=[N+]=[N-],0.5562965408639086
COC1=C(F)C=C(N=[N+]=[N-])C=C1,1.139207266436656
ClC(C=CC(OC)=C1)=C1N=[N+]=[N-],0.7468158177243938
CC(C)(OC(N1CCN(CC1)CCN=[N+]=[N-])=O)C,-0.3789423833702643
[N-]=[N+]=NC1=CC=C(C=C1)C2=CN=CO2,-0.4670691949543969
[N-]=[N+]=NC1=CC=C(C=C1)CN2C=NC=C2,-0.1935307964542408
IC1=CC(CN=[N+]=[N-])=CC=C1,0.7734685179953565
BrC1=C(C)C=CC(N=[N+]=[N-])=C1,1.111996984323479
BrC(C=C1N=[N+]=[N-])=C(C=C1)Cl,1.020803995765557
C[C@H](N=[N+]=[N-])C1=CC=CC(Cl)=C1,1.22813255108203
O=S(N(CC1)CCC1N=[N+]=[N-])(C)=O,0.2879849754683264
CC(C)(C1=CC=C(C=C1)Br)N=[N+]=[N-],1.232275047310695
O=C(N(CC1)CCC1CCN=[N+]=[N-])OC(C)(C)C,-1.129093639317587
FC1=CC(N=[N+]=[N-])=CC(Cl)=C1,1.252667613658669
[N-]=[N+]=NC1CCC1,1.260323081868576
OCCCCCN=[N+]=[N-],-0.8032940014390126
CNCCN=[N+]=[N-],0.2738419959958823
CCCCC1=CC=C(C=C1)N=[N+]=[N-],1.024590394218572
[N-]=[N+]=NCC1CC1,1.176488021664131
C[C@@H](CC(OCC)=O)N=[N+]=[N-],1.078800997647965
FC(C=C1)=CC(N=[N+]=[N-])=C1C,1.32827017187366
O=C(C1=CC(N=[N+]=[N-])=CC=C1)C2=CC=CC=C2,-0.5796554365851672
FC1(F)OC2=C(O1)C=C(N=[N+]=[N-])C=C2,1.241549316871948
FC(C=C1C)=C(C=C1)N=[N+]=[N-],1.127711464524727
[N-]=[N+]=NC1=CC=C(C=C1)N2CCOCC2,-1.244015141114796
O=C(N(CCC1)CC[C@H]1N=[N+]=[N-])OC(C)(C)C,-0.6095522346092803
OCC(CO)(CO)N=[N+]=[N-],1.124588017961342
BrC(C=C1N=[N+]=[N-])=C(C=C1)F,0.831710577356746
OC[C@H](N=[N+]=[N-])CC1=CNC2=C1C=CC=C2,-2.471398690700701
O=C(N(C1)CC1N=[N+]=[N-])OCC2=CC=CC=C2,-1.51224094009167
[N-]=[N+]=NC1CCCNC1,-0.009870228117832353
FC(F)(C1=C([C@@H](C)N=[N+]=[N-])C=CC=C1)F,1.312658192992863
O=C([C@@H](CCC1=CC=CC=C1)N=[N+]=[N-])OCC,-0.4638988407921872
O=C(N[C@H](CN=[N+]=[N-])C(OC)=O)OCC1=CC=CC=C1,-1.408789545717455
CC(N1CCC(CC1)N=[N+]=[N-])C,1.135664556602737
[N-]=[N+]=N[C@@H](CCC1)C2=C1C=CC=C2,1.126160498891977
ClC(C=C1)=CC=C1CCN=[N+]=[N-],0.9644145900749613
[N-]=[N+]=NCC1=NC=CN=C1,-0.0766579152305621
OCC[C@@H](C)N=[N+]=[N-],0.5708236132203528
OC(C=C1C)=CC(C)=C1N=[N+]=[N-],-1.033099821238211
CN(C(CN=[N+]=[N-])=O)C,0.05508603800168366
[N-]=[N+]=NC[C@H]1CCCO1,0.4730638410820229
COC1=C(F)C=CC=C1N=[N+]=[N-],1.14827086518927
CNCC1=CC=C(N=[N+]=[N-])C=C1,-0.482008802743478
BrC(C=C1)=C(C)C=C1N=[N+]=[N-],1.38755795034354
O=C(CC(CC(OC)=O)N=[N+]=[N-])OC,1.125800850841584
CC(C)(OC(CN1C2=C(C=CC=C2)CC[C@@H](C1=O)N=[N+]=[N-])=O)C,-0.6130433319592421
C[C@H](N=[N+]=[N-])C1=CC=C(F)C=C1,1.056796678659744
COC(C1=C(Cl)C=CC(N=[N+]=[N-])=C1)=O,0.05949303102028054
CC1=C(Cl)C=CC=C1N=[N+]=[N-],1.213192621148669
COC1=CC([C@H](N=[N+]=[N-])C)=CC=C1,0.782334826009661
ClC(C=C1)=C(C)C=C1N=[N+]=[N-],1.173394413509234
O=C1C(CCCN1)N=[N+]=[N-],0.09834382033461757
C[C@H](N=[N+]=[N-])C1=NC=CC=C1,0.5376480048267058
CC(C)CN=[N+]=[N-],1.057237780870045
O=C(NCC(C=C1)=CC=C1N=[N+]=[N-])OC(C)(C)C,-0.8878429573075949
[N-]=[N+]=NCC1(N(CC2=CC=CC=C2)CC3=CC=CC=C3)COC1,-1.243628986903471
COC1=CC(N=[N+]=[N-])=CC(F)=C1,0.1683502853399781
CC(C)(OC(N(CCCC1)C[C@H]1N=[N+]=[N-])=O)C,-0.3267125448149517
C[C@H](C1=CC=CC=C1)CN=[N+]=[N-],0.827200424275208
CC1CCC(CC1)N=[N+]=[N-],0.9254641268840927
FC1=CC(N=[N+]=[N-])=CC(F)=C1,0.8688903204967546
O=C(N1[C@H](CN=[N+]=[N-])CCC1)OC(C)(C)C,-0.8351457726267076
O=C(NCCCC[C@@H](C(OC(C)(C)C)=O)N=[N+]=[N-])OCC1=CC=CC=C1,-1.6206742649456
FCCN=[N+]=[N-],0.8743533191517008
CC(C)(OC(C1=CC(N=[N+]=[N-])=CC=C1)=O)C,1.116626555325726
O[C@H](C)C1=CC(N=[N+]=[N-])=CC=C1,-0.204094011029307
CNC(CN=[N+]=[N-])=O,0.7978386349985965
FC(C=C1O)=C(C=C1)N=[N+]=[N-],-1.689253217875166
CC(C=CC(C(OCC)=O)=C1)=C1N=[N+]=[N-],1.181464722664104
[N-]=[N+]=NC1=CC=CC(N2CCOCC2)=C1,-0.9278022860926567
O=C([C@@H](CC(C)C)N=[N+]=[N-])OCC1=CC=CC=C1,-0.05685151045018062
COC(C=C1CN=[N+]=[N-])=C(C=C1)O,-0.905737815028463
CC(C)(OC(NCCCCCN=[N+]=[N-])=O)C,-1.51338199906062
OC[C@@H](CC)N=[N+]=[N-],0.5846818547385539
COC(C(OC)=CC(N=[N+]=[N-])=C1)=C1OC,-0.4574933137158186
O=C(C(C=CC=C1)=C1N=[N+]=[N-])N(C)C,0.8946154995300308
BrC(C=C1)=CC=C1CCN=[N+]=[N-],0.5263940571983381
[N-]=[N+]=NC1=CC=C(C=C1)N2N=CC=C2,-0.5951025302907043
CC(C)(OC(NCCCCCCCCN=[N+]=[N-])=O)C,-1.402575611529805
FC(F)(SC1=CC=C(N=[N+]=[N-])C=C1)F,1.19696535798025
OCC1(CC1)N=[N+]=[N-],0.2274566771687833
ClC(C=C1N=[N+]=[N-])=C(C=C1)N(CC2)CCN2C,-0.9639897190494177
NC(C1(N=[N+]=[N-])CCCC1)=O,0.6690872281241752
CN1CCN(CCN=[N+]=[N-])CC1,-0.003264745035845943
CCOP(OCC)(CC1=CC=C(N=[N+]=[N-])C=C1)=O,-0.392552133877193
[N-]=[N+]=NC1CN(CC1)CC2=CC=CC=C2,-0.2888337454552257
FC(C=C1OC)=C(C=C1)N=[N+]=[N-],1.172424815469614
N#CC(C)(C)C(C=C1)=CC=C1N=[N+]=[N-],0.124851666571644
NC(CN=[N+]=[N-])=O,0.8470754351275511
O=C(N(CC1)CCC1(C)N=[N+]=[N-])OC(C)(C)C,1.178741041359285
[N-]=[N+]=NC(C=C1)=CC2=C1OCO2,-0.1381626866367303
FC(F)(C1=C(Cl)C=C(CN=[N+]=[N-])C=C1)F,0.7716937218467025
ClC(C=C1O)=C(C=C1)N=[N+]=[N-],-1.731588505648117
[N-]=[N+]=NC1=C(C=CC=C1)N2CCOCC2,-0.9758595376587844
CC1=CC=CC(N(CCN=[N+]=[N-])CC)=C1,-0.9918049560304316
O=C(C1=CC=CC=C1)NC(C=C2)=CC=C2N=[N+]=[N-],-0.9890966101474653
FC(OC(C=C1)=CC=C1N=[N+]=[N-])F,0.9303799965446248
[N-]=[N+]=NC1=CC=C(C=C1)C2=NCCN2,0.500995317159987
ClC(C=CC=C1)=C1C2=CC(N=[N+]=[N-])=CC=C2,0.9663098570808817
FC(C=C1N=[N+]=[N-])=C(C=C1)N2CCOCC2,-0.5103694684772505
O=C(OC(C)(C)C)N1CCN(CC1)CCCN=[N+]=[N-],-0.3467355708874224
OC[C@H]1CC[C@H](N=[N+]=[N-])CC1,-0.1352359153427121
OCC1=CC(CO)=CC(N=[N+]=[N-])=C1,0.2524029258634842
O=C(NCC1=CC(CN=[N+]=[N-])=CC=C1)OC(C)(C)C,-1.450068397566314
[N-]=[N+]=NC1=C(CC2=CC=CC=C2)C=CC=C1,1.017735964973635
O=C(N(CC1)CCC1C(C=C2)=CC=C2N=[N+]=[N-])OC(C)(C)C,-0.6910001231610126
O=C(COCC1)N1C(C=C2)=CC=C2N=[N+]=[N-],0.3219535367863778
OC(C1=CC(O)=CC(N=[N+]=[N-])=C1)=O,0.7434093515075691
CN(CC(C=CC=C1)=C1N=[N+]=[N-])C,1.057383649689239
FC(F)(OC1=C(Cl)C=C(N=[N+]=[N-])C=C1)F,1.168796391949005
O=C(OC(C)(C)C)N1C[C@@H]([C@H](C1)N=[N+]=[N-])O,0.4232668997663587
CN1C=NC2=C1C=CC(N=[N+]=[N-])=C2,-0.9047301366413086
COC(C(N=[N+]=[N-])=C1)=CC(NC(C2=CC=CC=C2)=O)=C1C,-0.1894925496678622
O=C1C2=C(C=CC(N=[N+]=[N-])=C2)CO1,0.5236710700942978
[N-]=[N+]=NC1=CC=CC(OC2=CC=CC=C2)=C1,0.7266794344687083
OC[C@@H](COCC1=CC=CC=C1)N=[N+]=[N-],-1.139588826087984
O=C1CCC2=C1C=C(N=[N+]=[N-])C=C2,-0.9604190842390989
[N-]=[N+]=N[C@H]1CCOC1,0.72214839568739
[N-]=[N+]=NCCC1=CC=CO1,0.01809554995510756
[N-]=[N+]=NCC1=CC=NC=C1,-0.6600676199325942
O=C(NC[C@@H]1CC[C@@H](CN=[N+]=[N-])CC1)OC(C)(C)C,-1.588096776350406
CN1CCN(CC1)C(C=C2)=CC=C2N=[N+]=[N-],-1.397978857933958
C[C@@H](C1=CC2=CC=CC=C2C=C1)N=[N+]=[N-],0.2484479805895413
CC(CN=[N+]=[N-])(CN(C)C)C,0.5688485614626921
CNS(CC1=CC=C(N=[N+]=[N-])C=C1)(=O)=O,-0.7705730857882324
ClC(S1)=NC=C1CN=[N+]=[N-],-0.9042445235554073
OCCNCCN=[N+]=[N-],-0.2224237897509553
CN(C([C@H](C[C@H]1NC(OC(C)(C)C)=O)CC[C@@H]1N=[N+]=[N-])=O)C,-0.419044116426174
ClC(C=C1)=CC=C1OC(C=C2)=CC=C2N=[N+]=[N-],0.3613833754137774
CCOC(C=CC(C)=C1)=C1N=[N+]=[N-],0.8758371240859723
O=C(C1=CC=CC(C2=C(O)C(N=[N+]=[N-])=CC=C2)=C1)O,0.2839372093833465
O=S(NC(C=C1)=CC=C1CN=[N+]=[N-])(C)=O,-1.887963887195483
O=C(N1[C@H](CN=[N+]=[N-])CCC1)OC(C)(C)C,-0.8252918933058019
O=C([C@H](CC1=CC=CC=C1)N=[N+]=[N-])N,-0.8384858698813981
[N-]=[N+]=NC1CNCC1,-0.2564323882210817
CNCC1=CC(N=[N+]=[N-])=CC=C1,-0.8820771711443669
[N-]=[N+]=NC1CC(CC2)N(CC3=CC=CC=C3)C2C1,-0.9059088501258281
CC1(C)O[C@@]([H])([C@@H](C[C@@H]2O)N=[N+]=[N-])[C@]2([H])O1,0.266451899951204
[N-]=[N+]=NC12C[C@@H]3C[C@H](C2)C[C@H](C1)C3,1.009893030017442
CC(C)(OC(N1CC(C1)N=[N+]=[N-])=O)C,-0.3953131761830852
[N-]=[N+]=N[C@@H]1CCN(C1)CC2=CC=CC=C2,-0.7678302510972586
O=C(NC1CC1)CN=[N+]=[N-],0.1641340208853604
[N-]=[N+]=NCC1CCOC1,-0.06939083275497412
FC(F)(OC1=CC=C(N=[N+]=[N-])C=C1F)F,0.7787175989267959
CSC1=CC=CC(N=[N+]=[N-])=C1,0.376028967528356
COC1=CC=C(C(C2=CC=C(OC)C=C2)CN=[N+]=[N-])C=C1,-2.090309701985474
OC1(CN(C(OC(C)(C)C)=O)C1)CN=[N+]=[N-],-0.967360641654637
COC1=CC(CC(C)(C)N=[N+]=[N-])=CC=C1,0.580879826871269
CC1=CC2=C(C=CC(N=[N+]=[N-])=C2)N1,-1.492050375813693
OC(C1=CC=CC=C1)(C2=CC=CC=C2)[C@H](CC3=CC=CC=C3)N=[N+]=[N-],-0.03881727125586881
F[C@@H](C1)[C@H](N=[N+]=[N-])CN1C(OC(C)(C)C)=O,-0.5401493366904635
CNC(C1=CC=CC=C1N=[N+]=[N-])=O,0.8633653599941319
CC(C(C=C1)=CC=C1C)(C)N=[N+]=[N-],1.158338343184272
O=C(C(CCN1CC2=CC=CC=C2)(CC1)N=[N+]=[N-])O,0.968981801552615
[N-]=[N+]=NCC1=CN=C2N1C=CC=C2,0.719604120599361
FC(F)OC1=CC(N=[N+]=[N-])=CC=C1,1.049544283110815
FC(F)(C(C=C1N=[N+]=[N-])=C(C=C1)OC)F,1.080180701993282
COC(C=CC(C1=CC=CC=C1)=C2)=C2N=[N+]=[N-],-1.281473413739316
COC1=CC(C2=C(O3)C=CC=C2)=C3C=C1N=[N+]=[N-],-1.31400957276364
CN1N=CC=C1CN=[N+]=[N-],-0.191656113617798
CC1=CC=C(C=C1)OC(C=C2)=CC=C2N=[N+]=[N-],-0.4230994737900662
[N-]=[N+]=NC1=CC=C2C=CN=CC2=C1,-0.5013393381819995
CC1(N=[N+]=[N-])CCOCC1,1.272306274750841
CC1([C@@H]2CC[C@H](CN=[N+]=[N-])[C@H]1C2)C,1.370708936542819
CC1=C(C=CC=C1)OC2=C(N=[N+]=[N-])C=CC=C2,0.7062655919701012
O=C([C@H](CC1=CC=CC=C1)N=[N+]=[N-])NC2CCCCC2,-0.9125904282964351
O=C(N(CC1)CCC1(C(OC)=O)N=[N+]=[N-])OCC2=CC=CC=C2,0.110036896893354
COC(C=CC(OC)=C1)=C1N=[N+]=[N-],-0.8758647257479525
O=C1[C@@H](N=[N+]=[N-])CON1,0.8392117449066168
CN1N=CC(CN=[N+]=[N-])=C1,-0.7313383784657396
CC(C)N(CCCCCN=[N+]=[N-])C(C)C,-0.7688850371245305
O[C@H](CC1)CC[C@@H]1N=[N+]=[N-],0.2935528255031454
CSC(C=CC=C1)=C1N=[N+]=[N-],0.8958427793547842
O=C(C)NC(C=C1)=CC(N=[N+]=[N-])=C1OC,-1.122839574109087
CC(C)(C)OC(N[C@@H](CCCC1)[C@H]1N=[N+]=[N-])=O,-0.6434798861586839
CC(CCCN=[N+]=[N-])(CO)C,-0.5810709540086605
CN(CC1=C(N=[N+]=[N-])C=CC=C1)C2CCCCC2,0.8321875493745433
FC1=CC(F)=CC(CCN=[N+]=[N-])=C1,0.6514385241714481
O=S(CC(C1=CC=C(C(OCC)=C1)OC)N=[N+]=[N-])(C)=O,-0.1736946552990913
CC(C)(OC(N1CC[C@@H]([C@H](C1)F)N=[N+]=[N-])=O)C,-0.02375846652602286
FC(C=C1)=CC(N=[N+]=[N-])=C1OC,0.8527270188759938
[N-]=[N+]=NCCC1=CC=NC=C1,-1.547983003965798
OC1=CC=C(C=C1CN(CC)CC)N=[N+]=[N-],-1.325815538254558
C[C@H](CC)CN=[N+]=[N-],1.149306570372813
O=C1NCCCCC1N=[N+]=[N-],0.6558466889264402
OCC(C)N=[N+]=[N-],0.7825631079454072
ClC(C=C1N=[N+]=[N-])=C(C=C1)OCC2=NC=CC=C2,-0.7633975682321191
OC(/C=C/C1=CC=C(N=[N+]=[N-])C=C1)=O,0.3254531991084497
COC1=CC([C@@H](N=[N+]=[N-])C)=CC=C1,0.873518415965658
ClC1=C(C(F)(F)F)C=CC=C1CN=[N+]=[N-],0.9262562969508116
OCC(CO)(CC)N=[N+]=[N-],0.965703576476363
[N-]=[N+]=NCC1CCCCN1,0.104017906239313
[N-]=[N+]=NC1CCCC1OCC2=CC=CC=C2,-0.3059698045941548
C[C@H](O)CN=[N+]=[N-],0.5334340613154058
FC(C=C1N=[N+]=[N-])=C(C(F)=C1)OC,1.066719128934591
[N-]=[N+]=NC1=CC=CC2=C1OCCO2,-0.5141842613282029
CC(N=[N+]=[N-])C1=CC=NC=C1,0.2332692576022018
CC1=NC(C)=C(CN=[N+]=[N-])S1,-1.072908027882558
CN(CC1=CC=C(CSCCN=[N+]=[N-])O1)C,-2.036269245780933
O[C@H]1COC[C@@H]1N=[N+]=[N-],0.705724005709673
OC(CN=[N+]=[N-])CC=1C=CC=C(F)C1,-1.484973561011859
[N-]=[N+]=NCCCN1CCSCC1,-1.082683716832112
[N-]=[N+]=NCC1=CSC(C#N)=N1,-1.643058587253685
COC(=O)C1=CC=C(CN=[N+]=[N-])O1,-1.696348702171496
[N-]=[N+]=NCC=1C=CC=C2N=CC=NC12,-1.822813098458691
[N-]=[N+]=NCC1CCCCC1,1.183478064144526
CC(C)(C)CN=[N+]=[N-],1.21260471764374
[N-]=[N+]=NCC=1C=CC=C(C#N)C1,-1.663600159868178
CC(C)(C)OC(=O)N1CCC(C2CC2)C1CN=[N+]=[N-],-1.547147312640283
CC=1C=NNC1CN=[N+]=[N-],-1.295339743006858
CC=1C=NC=C(CCN=[N+]=[N-])N1,-1.417634188474971
[N-]=[N+]=NC=1C=CC(C#N)=CC1,0.5903009606277084
"CCO[C@@H]1CCCC[C@H]1N=[N+]=[N-] |&1:3,8,r|",1.294338973111649
[N-]=[N+]=NCC1CCCNC1,-0.5736097704316054
[N-]=[N+]=NC=1C=CC=CC1C=2C=CC=CC2,-0.1174011847897426
CC(C)(C)OC(=O)NCC1(CN=[N+]=[N-])CC21CCC2,-1.521023245983058
[N-]=[N+]=NCC(=O)NCC=1C=CC=CC1,-1.579671599018186
CN1N=NC=C1N=[N+]=[N-],0.6774724827351831
CC(F)(F)C=1C=CC=C(CN=[N+]=[N-])N1,-1.377430921257965
[N-]=[N+]=NC1CCCNCC1,-0.2249417511873624
NS(=O)(=O)C=1C=CC=CC1N=[N+]=[N-],1.313981211137162
CC1=NC(C)=C(CN=[N+]=[N-])O1,-0.6106982277555246
C[C@@H](N)CN=[N+]=[N-],0.4919649384061379
COC(=O)C=1SC=CC1N=[N+]=[N-],-0.221255873634281
[N-]=[N+]=NCC1CCCC(=O)N1,0.07853366925556624
[N-]=[N+]=NCC1=CN2C=CC=NC2=N1,-0.9566706660032593
N[C@H]1CC[C@H](CC1)N=[N+]=[N-],0.544472606048577
COC=1C=CC(N=[N+]=[N-])=CC1,0.4496208144530272
FC(F)(F)C=1C=NC(C#N)=C(N=[N+]=[N-])C1,0.8721642360263531
[N-]=[N+]=NC1CC2CCCC(C1)N2,-0.3263813868708406
FC(F)(CN=[N+]=[N-])C=1C=CC=CC1,-0.5288276248252454
[N-]=[N+]=NC1CC(C1)(C#N)C=2C=CC=CC2,-1.351846738700433
CC=1N=CC(CN=[N+]=[N-])=CN1,-0.5399053247915497
[N-]=[N+]=NC(=O)C=1N=CON1,1.288750598744007
NC(=O)C(N=[N+]=[N-])C=1C=CC(F)=CC1,0.02601853065557529
[N-]=[N+]=NCC1=NC=CS1,-0.2706054126817606
CN(C)C=1C=CC(N=[N+]=[N-])=CC1,-0.1871665877596102
OC1CCN(CCN=[N+]=[N-])CC1,0.4872491036830948
[N-]=[N+]=NC[C@H]1CCCN1,0.4061472430473679
[N-]=[N+]=NCC1CCCCNC1=O,-0.2200442552621579
"NC[C@@H]1CCC[C@H](CN=[N+]=[N-])C1 |&1:2,6,r|",-1.717176703716837
COC[C@H](O)CN=[N+]=[N-],0.3500050867911196
COC=1C=CC=CC1C(C)(C)N=[N+]=[N-],0.8092534458536715
ClC=1C=CC(OCCN=[N+]=[N-])=CC1,-1.857348558088262
ClC=1C=C(Cl)C=C(N=[N+]=[N-])C1,0.9422377613281713
CC[C@@H](N=[N+]=[N-])C=1C=CC=CN1,0.4509643358938711
[N-]=[N+]=NC(=O)C=1C=CC=2NN=CC2C1,0.9343375165903632
[N-]=[N+]=NCC1=NN=C(O1)C2CC2,-0.8378091630033146
C[C@H](N=[N+]=[N-])C1=CSC=2C=CC=CC12,-0.5718757626476685
FC=1C=CC(=CC1)C2(CCOCC2)N=[N+]=[N-],1.048020390758968
OCC=1C=C(N=[N+]=[N-])C=CN1,0.9395039500704153
[N-]=[N+]=NCC1CCNCC1,-0.7799472125895572
CC(C)(C)OC(=O)N1CC(C1)C=2OC=NC2CN=[N+]=[N-],-1.56631286519816
[N-]=[N+]=NCC1CCNC1,-0.4198029051721275
[N-]=[N+]=NC1CC2CCC(C1)N2,0.07532378986087819
CC(C)C(=O)NCCN=[N+]=[N-],-0.2994745606188673
[N-]=[N+]=NCCC=1C=CC=CN1,-0.705399657300622
[N-]=[N+]=NCC1=CC=NO1,-0.5806650572972553
COC(=O)C=1C=CC(N=[N+]=[N-])=CC1,0.551349841595233
OCCN=[N+]=[N-],0.4833757782479591
ClC=1C=CC=C(CN=[N+]=[N-])C1,-0.6377755472812066
[N-]=[N+]=NCC=1C=CC=C2C=CC=CC12,-1.708053906651054
[N-]=[N+]=NCC=1C=CC=2OCOC2C1,-1.818710097414529
C[C@H](N)CN=[N+]=[N-],0.4919649384061379
CC=1C=CC=CC1CN=[N+]=[N-],0.6016637257504972
COC=1C=CC=C(C1)C2(CCC2)N=[N+]=[N-],0.1189899186715563
NC1(CCC2(CC1)N=[N+]=[N-])C2,0.5491339535034767
NC=1C=CC(Cl)=C(N=[N+]=[N-])C1,-1.188310471975788
[N-]=[N+]=NCC1CCC2CC2C1,1.395138634303679
CCC1(CN=[N+]=[N-])COC1,0.991120612331554
FC=1C=C(F)C=C(N=[N+]=[N-])C1,1.477997758893012
CNC(=O)CCN=[N+]=[N-],0.3701366616983185
FC1(F)CCCC1CN=[N+]=[N-],1.264892703617291
[N-]=[N+]=NCC=1C=CC(=CC1)N2C=CC=N2,-2.116239097245645
"CC(C)(C)OC(=O)N[C@@]1(CC[C@@H]2C[C@@H]1N=[N+]=[N-])C2 |&1:8,11,13,r|",-1.008361368401894
NCCOCCN=[N+]=[N-],-0.292118573728363
[N-]=[N+]=NCC1=NC=2C=CC=CC2O1,-1.805898875880382
COC1(CCC1)C(CO)N=[N+]=[N-],0.5488865521902152
NC(=O)C1=CSC(CN=[N+]=[N-])=N1,-1.323752385743923
FC=1C=CC(F)=C(N=[N+]=[N-])C1,1.404734313500008
NCCCCN=[N+]=[N-],-0.04575153901892359
COC(=O)C1=COC(CN=[N+]=[N-])=N1,-0.7951726291638544
CC(C)(C)O[C@H]1C[C@@H](C1)N=[N+]=[N-],1.500732749667991
OCC=1C=CC(N=[N+]=[N-])=CC1,0.3762455089651967
[N-]=[N+]=NC[C@@H]1COCCO1,0.8229284998379396
CN(CCN=[N+]=[N-])CC=1C=CC=C(F)C1,-1.334659628631974
N[C@H]1C[C@@H](C1)N=[N+]=[N-],-0.1887459806089272
[N-]=[N+]=NCC1CCOC1,1.508526225473045
CCOC(=O)C1(CC2(CN=[N+]=[N-])C1)C3(CCOCC3)O2,-1.236723849464937
CC(C)NC(=O)C(C)N=[N+]=[N-],0.5074706186216937
NC1(CCCCCC1)C2=NOC(CN=[N+]=[N-])=N2,-1.397588321200771
C[C@H](N=[N+]=[N-])C=1C=CC=CC1Cl,0.8560863682935028
[N-]=[N+]=NCC1CCC(=O)O1,-0.7612954719803366
CCOP(=O)(CCCN=[N+]=[N-])OCC,-0.4102425918901817
[N-]=[N+]=NCC=1C=CC=2N=CC=CC2C1,-2.031015700560126
CC1=NC(=NO1)C(=O)N=[N+]=[N-],1.41959870315494
[N-]=[N+]=NCC1COC=2C=CC=CC2O1,-1.548847373304763
[N-]=[N+]=NC1CCN(C2CCNCC2)C1=O,0.03780260680577696
[N-]=[N+]=NC=1C=CC=C2N=CC=CC12,0.3917152646418165
CC[C@@H](N=[N+]=[N-])C=1C=CC=CC1F,1.283317302731549
C[C@@H](CN)N=[N+]=[N-],0.9146059071622947
ClC=1C=CC(N=[N+]=[N-])=NC1,1.4172387775952
CC(C)CSCCCN=[N+]=[N-],-0.09904284507090659
CCC1=NN=C(CN=[N+]=[N-])O1,-0.4349417748512004
[N-]=[N+]=NCC1=CN2C=CC=CC2=N1,-1.386821195342148
FC=1C=C(C#N)C=CC1CN=[N+]=[N-],-1.610884326607726
COC=1C=CC=C(N=[N+]=[N-])C1,1.002817469239925
[N-]=[N+]=NC(CC1CCCCC1)C=2N=CC=CN2,-0.8035401504237226
CC=1C=C(F)C=C(N=[N+]=[N-])C1,1.382790694709179
COC=1C=CC=CC1[C@@H](O)CN=[N+]=[N-],-1.951528037282614
C[C@H](N=[N+]=[N-])C=1C=CC(Cl)=CC1,0.002155692944394058
[N-]=[N+]=NCC1CCCCNC1,-0.7442233304573734
FC1(F)CC(CN=[N+]=[N-])C1,1.294387718154087
FC(F)C1=CC(CN=[N+]=[N-])=NO1,-0.956236578144412
[N-]=[N+]=NCC=1C=CC=NN1,-1.314147442644012
[N-]=[N+]=NCCCC=1C=CC=CC1,-0.5758319093070485
FC(F)(CN=[N+]=[N-])C=1C=CC(Cl)=CC1,-1.41817165184606
N[C@H]1CCCC[C@H]1N=[N+]=[N-],1.050459538221058
CC(C)(C)C=1OC=NC1CN=[N+]=[N-],-0.5968221838032403
C[C@H]1C[C@H](N=[N+]=[N-])C=2C=CSC2S1(=O)=O,-0.6370180177146559
OC1(CN=[N+]=[N-])CCC1,-0.01516825385694232
CC1CCCCC1(C)N=[N+]=[N-],1.362518195514567
CN(C)C1CCN(CCN=[N+]=[N-])C1,-0.2152140753222889
[N-]=[N+]=NC1CCC=2C=CC=NC12,-0.3669315173541597
CC(N=[N+]=[N-])C=1C=CC=CC1F,1.277841228438487
[N-]=[N+]=NCC1=CC(=NO1)C2CC2,-1.725227649286678
CC(F)(F)C1=NC=C(CN=[N+]=[N-])S1,-1.41768305047761
[N-]=[N+]=NC=1C=CC=C2NN=CC12,-1.367054753790021
"FC(F)(F)[C@@H]1C[C@H]1CN=[N+]=[N-] |&1:4,6,r|",1.093175430133614
[N-]=[N+]=NCC=1N=COC1C2CCC2,-1.658726605737151
[N-]=[N+]=NCC(=O)NC=1C=CC=CC1,-1.594985956619938
NC=1C=C(N=[N+]=[N-])C=CN1,0.6674358774892825
[N-]=[N+]=NC=1C=CC=CC1,1.386803295550233
ClC1=CC=C(CN=[N+]=[N-])S1,-0.8087361570523749
CN(C)C=1C=CC=C(OCCCN=[N+]=[N-])C1,-1.995147081889856
CCNCCN=[N+]=[N-],0.6009161973296683
[N-]=[N+]=NC(=O)C1=CC=CO1,0.8096539669651464
CC1=NC=2C=C(N=[N+]=[N-])C=CC2S1,-0.1812782686084663
COC(=O)C1=CSC(CN=[N+]=[N-])=N1,-1.338431881813711
"CO[C@@H]1CCCC[C@H]1N=[N+]=[N-] |&1:2,7,r|",1.176269788348132
FC=1C=CC(C#N)=C(N=[N+]=[N-])C1,0.7206097082992671
[N-]=[N+]=NC=1C=CC=2CCNC2C1,-0.4470434434642143
NCCCN=[N+]=[N-],1.075548085715008
CC(C)(C)N=[N+]=[N-],1.487176847630001
CC(C)(C)OCCCN=[N+]=[N-],1.337078597145871
OC(=O)C=1C=CC(CN=[N+]=[N-])=CC1,0.02818088019275298
CC(C)CN1CCOC(CN=[N+]=[N-])C1,-0.375588604647429
[N-]=[N+]=NCC1CNCCO1,-0.09185588212494625
[N-]=[N+]=NCC1CCCO1,1.277798478104699
CC=1C=CC(O)=C(CN=[N+]=[N-])N1,-0.6372425039699869
[N-]=[N+]=NCC1=CN=NN1,0.555427301691355
[N-]=[N+]=NCCCNC(=O)C1=CNN=N1,-0.8896559299870731
FC(F)(F)C(=O)NCCN=[N+]=[N-],-0.6440882316896742
CN1N=C(CN=[N+]=[N-])C=2CCCC21,-1.696042423778563
[N-]=[N+]=NCCN1CCNC1=O,-0.4223853151703332
"F[C@@H]1CC[C@@H]1N=[N+]=[N-] |&1:1,4,r|",1.163267932259776
[N-]=[N+]=NCC1CC2CC2C1,1.345560858513555
FC1(F)CCCC1CCN=[N+]=[N-],1.064011662295785
ClC=1C=CC=CC1N=[N+]=[N-],1.270494220669088
[N-]=[N+]=NCC1=NOC=2CCCC12,-1.81528297015636
[N-]=[N+]=NC=1C=CC=C2C=CN=CC12,0.2213635506253316
FC(F)(F)OC=1C=CC(N=[N+]=[N-])=CC1Cl,1.225027485561081
[N-]=[N+]=NC=1C=CC=2C=NNC2C1,-0.7926268351902628
"N[C@@H]1COC[C@@H]1N=[N+]=[N-] |&1:1,5,r|",0.7841126587726602
[N-]=[N+]=NCC1CCCC2(CCOC2)O1,-1.078144384544092
OP(=O)(O)CCN=[N+]=[N-],1.211194667893906
OCC1(CN=[N+]=[N-])COC1,0.5490157061652952
CCOCCN=[N+]=[N-],1.432649539083944
CC=1C=CC=C(CCN=[N+]=[N-])N1,-1.359579528067281
[N-]=[N+]=NCC1(CCCCC1)C#N,-1.10700977762526
[N-]=[N+]=NC=1C=CC=C2C=NNC12,-1.24049765798314
COC=1C=CC(=CC1N=[N+]=[N-])C(F)(F)F,0.09931586410520649
[N-]=[N+]=NCC1(CC#N)CC1,-0.8720379223288255
CN1C(=O)N(C)C=2C=C(N=[N+]=[N-])C=CC12,-0.9496323040859098
[N-]=[N+]=NC=1C=CC=2OCCC2C1,-0.3931760340735783
COC=1C=CC(N=[N+]=[N-])=NC1,1.081731396981652
OCCC=1C=CC(N=[N+]=[N-])=CC1,-0.1159203650287599
[N-]=[N+]=NC=1C=CC=2OCOC2C1,-0.1276624793683543
[N-]=[N+]=NCC=1C=CN=CC1,-0.6853144636612895
[N-]=[N+]=NCCOCC1CCCC1,0.614198064349788
C[C@H](N=[N+]=[N-])C=1C=CC(F)=CC1C,0.3064181275943339
[N-]=[N+]=NS(=O)(=O)C=1C=CC=2OCCC2C1,0.4378940410775023
[N-]=[N+]=NC1CCN2C=CC=C2C1,-0.5718082121755045
FC(F)(F)C1=CC(CN=[N+]=[N-])=NO1,1.000162953539632
COC=1C=CC=C(OC)C1CN=[N+]=[N-],-1.89139343565868
[N-]=[N+]=NC=1C=CC=2CCCNC2C1,-0.4071680777242905
"O[C@@H]1COCC[C@H]1N=[N+]=[N-] |&1:1,6,r|",0.6867764094483724
[N-]=[N+]=NCCCOC1CCC1,1.234072963554696
[N-]=[N+]=NCCC1=CNC=2C=CC=CC12,-2.152022148352308
COC(=O)C=1C=NC=C(N=[N+]=[N-])C1,0.6084869375851434
FC1(F)CCCCC1CN=[N+]=[N-],1.092384434470425
[N-]=[N+]=NCC1=NC=NO1,0.01134278170425292
COC(=O)C1(CC1)N=[N+]=[N-],1.020766404629439
CC1=NC=2C=CC(N=[N+]=[N-])=CC2S1,-0.3208406294231958
[N-]=[N+]=NCC1CCCOC1,1.128998311087519
COC=1N=C(OC)N=C(N=[N+]=[N-])N1,1.14113811898979
[N-]=[N+]=NC1CCCNC1=O,0.8621225952213943
COCC(COC)N=[N+]=[N-],1.315082870607452
CN1C=C(N=[N+]=[N-])C=N1,0.4294391704114049
CC=1C=CC(=CC1)S(=O)(=O)N2CC3(CC2C3)N=[N+]=[N-],-1.072639619180724
CC=1C=NC(CN=[N+]=[N-])=CN1,-0.6739456136591789
CN(C)CCN=[N+]=[N-],0.8897047135612336
"O[C@@H]1CCOC[C@H]1N=[N+]=[N-] |&1:1,6,r|",0.8944434260941226
CC(N=[N+]=[N-])C(=O)N1CCCC1,0.1382789217853474
FC(F)(F)C1CCN(CCCN=[N+]=[N-])CC1,-0.3258078028930331
[N-]=[N+]=NC1CCOC2(CCNCC2)C1,-0.0137382328658598
FC=1C=CC(CN=[N+]=[N-])=CC1,0.9964371268506986
CN1C=CC(N=[N+]=[N-])=N1,1.188455292199182
CCN(CC)CCN=[N+]=[N-],1.422630140894645
CC(C)(C)C1CC(N=[N+]=[N-])C(=O)N1,0.25500835695986
CS(=O)(=O)NC(=O)CN=[N+]=[N-],0.9580701361714689
FC=1C=CC=2OC3(CCC3)C[C@@H](N=[N+]=[N-])C2C1,-0.5485770801684978
CC(F)(F)C=1C=CC(CN=[N+]=[N-])=NC1,-1.000866958748775
CCNC(=O)CN=[N+]=[N-],0.2920084941373469
COCC=1OC=NC1CN=[N+]=[N-],-0.2725137200888841
[N-]=[N+]=NCCOC1CCOC1,-0.04742306085685839
"O[C@@H]1CCCCC[C@H]1N=[N+]=[N-] |&1:1,7,r|",0.229861092376427
[N-]=[N+]=NCC1CNC(=O)O1,0.1344302452212269
[N-]=[N+]=NC1CCCCC1,1.398898469047612
[N-]=[N+]=NC=1C=NC=2C=CC=CC2N1,1.363541546522177
COC(=O)C=1C=NOC1CN=[N+]=[N-],-0.6536668954739062
[N-]=[N+]=NCC1=CSC=N1,-0.358605854847875
COC(=O)C1=CC=CC2=NC(CN=[N+]=[N-])=CN12,-1.543919595874162
[N-]=[N+]=NC=1C=CC=2N=CC=NC2C1,0.4165555307722162
[N-]=[N+]=NC1CNC1,0.6131253576215661
BrC1=C(N=[N+]=[N-])C=NNC1=O,1.132224015353808
[N-]=[N+]=NCC=1N=COC1C2CC2,-1.302018554921255
FC=1C=CC=C(N=[N+]=[N-])C1,1.341422314875774
[N-]=[N+]=NCC1CCCN1,0.4061472430473679
CS(=O)(=O)C1(CN=[N+]=[N-])CCCCC1,0.5339672646906822
CC(CC1=NC(C)=CS1)N=[N+]=[N-],-0.3185806686370469
"FC(F)(F)[C@@H]1CC[C@H]1CN=[N+]=[N-] |&1:4,7,r|",1.338814557971483
[N-]=[N+]=NC1CCCCNC1=O,0.5449049016534417
CC1=NC(CN=[N+]=[N-])=CS1,-0.582824703391294
[N-]=[N+]=NC=1C=CC=2C(=O)N(CC2C1)C3CCC(=O)NC3=O,0.415575859297666
BrC=1C=CC(CN=[N+]=[N-])=NC1,-1.241083707990015
[N-]=[N+]=NC=1C=CC=C2COCC21,0.03221264781012002
[N-]=[N+]=NCC=1N=CON1,-0.1855857219335978
[N-]=[N+]=NCC1CCC/C=C\CC1,-0.2808753763274813
CC(F)(F)C1(CN=[N+]=[N-])CC1,1.397309808633875
CCC1=NC(CN=[N+]=[N-])=CS1,-0.885242511628018
[N-]=[N+]=NCC1=NC=2C=CC=CC2N1,-1.381594350409758
ClC=1C=CC=C(N=[N+]=[N-])C1C=2N=NNN2,1.227764940659436
CS(=O)(=O)C=1C=C(CN=[N+]=[N-])C=C(C1)C(F)(F)F,-1.438942510515589
C[C@H](N=[N+]=[N-])C=1C=CC(F)=CC1Cl,0.5963101328340509
NS(=O)(=O)C=1C=CC(N=[N+]=[N-])=CC1,0.2124411188619966
O[C@H](CN=[N+]=[N-])CC=1C=CC=CC1,-1.42132904798064
ClC=1C=CC=C(N=[N+]=[N-])N1,1.016547670431631
CC(CO)(CO)CN=[N+]=[N-],0.324742182125776
CC(N=[N+]=[N-])C(O)C=1C=CC(C)=CC1,-0.8505546623865642
[N-]=[N+]=NC1CCNC1,0.9417682872112327
[N-]=[N+]=NCC1CCCC1,1.402010253734468
COCC=1C=CC=C(N=[N+]=[N-])C1,0.5996618060893892
[N-]=[N+]=NCCCN1CCCC1,-0.1303381944219245
CC(C)CCN=[N+]=[N-],1.323212299208401
[N-]=[N+]=NC=1C=CC=2N=CSC2C1,-0.4308348735143184
[N-]=[N+]=NCC1=CC=CS1,0.4769746182109711
BrC=1C=CC(=CC1)N2CCCC(N=[N+]=[N-])C2=O,-0.08649136226858725
C[C@H](CN)N=[N+]=[N-],0.9146059071622947
ClC=1C=CC=2OC3(CCCC3)C[C@@H](N=[N+]=[N-])C2C1,-0.4485913455103776
[N-]=[N+]=NCCN1C=CC=N1,-0.4996148051882499
[N-]=[N+]=NCC1=CN=NS1,-1.013448664924397
NC=1C=CC(N=[N+]=[N-])=CC1,-1.448326851371315
[N-]=[N+]=NC1CCOC1,1.450723742204725
[N-]=[N+]=NC1CCOCC1,1.48934991646217
[N-]=[N+]=NC1CCNCC1,0.5497372998469013
FC(F)OC=1C=CC=C(CN=[N+]=[N-])N1,-1.578424254204365
[N-]=[N+]=NCCN1C=CC=CC1=O,-1.168203848017259
COC(=O)C=1C=C(N=[N+]=[N-])C=CN1,0.9037163706462381
FC1(F)COC(CN=[N+]=[N-])C1,0.7411997055143252
CN1CCC(N=[N+]=[N-])C1=O,0.7386574664246248
[N-]=[N+]=NC=1C=CC=2CCCC2C1,1.050552955717054
FCCCCN=[N+]=[N-],1.199359474388871
CCN(CC)C(=O)CN=[N+]=[N-],0.05997353171983827
[N-]=[N+]=NCC1=CC(=NO1)C2CCNCC2,-1.623734791276252
OC1(CN=[N+]=[N-])CCNCC1,-0.1330739675109385
[N-]=[N+]=NC1CC1,1.463308877714823
"FC(F)(F)[C@@H]1CNC[C@H]1CN=[N+]=[N-] |&1:4,8,r|",-0.1926497980855865
NCC=1C=CC=C(N=[N+]=[N-])C1,0.08712668597411874
ClC=1C=CC(CN=[N+]=[N-])=CN1,-1.452314883932074
OC1=CC(CN=[N+]=[N-])=NC2=CC=NN12,-0.1416097800000281
FC(F)(F)C1=NC=C(CN=[N+]=[N-])S1,-0.1343692795587879
[N-]=[N+]=NCCN1C=NC=2C=CC=CC12,-1.814819757592528
CC1=NC=2C=CC(N=[N+]=[N-])=CC2N1,-1.031507929533424
FC1(F)C2CCC(CN=[N+]=[N-])CCC21,-0.1919343858593933
[N-]=[N+]=NC=1C=CN=C2C=CC=CC12,1.111885806339939
[N-]=[N+]=NCC=1C=C(ON1)C2=CC=CO2,-1.704607595164175
[N-]=[N+]=NC=1C=CC(=CC1)C=2C=CC=CC2,-0.5675462100257094
CCOC=1C=CC(N=[N+]=[N-])=CC1,0.5183275944003378
COC=1C=CC(CN=[N+]=[N-])=CC1,-1.349716421099132
[N-]=[N+]=NCC1CNC1,-0.06338300000723167
CC1=CC=C(CN=[N+]=[N-])O1,1.2627273589582
CS(=O)(=O)NCCN=[N+]=[N-],0.08905958052923703
[N-]=[N+]=NCCN1CCCC1,1.539391228669915
CC=1C=CC(N=[N+]=[N-])=NC1,1.58261389798064
CC(C)(CN)CN=[N+]=[N-],0.361690417246524
FC(F)C1(CC1)N=[N+]=[N-],1.463625335882876
NC(=O)C=1C=C(N=[N+]=[N-])C=CN1,1.16603265713831
CC(C)N=[N+]=[N-],1.26810887385425
CC1=CC(CN=[N+]=[N-])=NO1,-0.6867816937823422
FC=1C=C(Cl)C=C(N=[N+]=[N-])C1,1.405360419540942
"N[C@@H]1CCC[C@@H]1CN=[N+]=[N-] |&1:1,5,r|",0.6329347610182103
CC1=NN=C(CN=[N+]=[N-])O1,0.126766763177047
[N-]=[N+]=NC=1C=CC=C2CCCCC12,0.8987145258329838
[N-]=[N+]=N[C@@H]1CCCC=2C=CC=NC12,0.1992322298212796
CC=1C=C(C)C=C(N=[N+]=[N-])C1,1.396636989573151
OCCCCCN=[N+]=[N-],-0.731982754047341
CC1(C)CC(CN=[N+]=[N-])OC(=O)N1,0.04669335886932594
CC(C)(C)OC(=O)N1CCCC(CCN=[N+]=[N-])CC1,-1.379260691773469
C[C@@H](N=[N+]=[N-])C1=CN=NN1C,0.4744202435922791
[N-]=[N+]=NCCCN1CCCOCC1,-0.06034578739090098
[N-]=[N+]=NC1CCCNC1,0.7379687765013395
[N-]=[N+]=NCCOC1CCSCC1,-1.13473584118476
[N-]=[N+]=NCCN1CCOCC1,0.9688096121539933
CN1C=C(CN=[N+]=[N-])C=N1,-0.5084128421474028
[N-]=[N+]=NC=1C=CC=2CCNCC2C1,-0.3833368980803913
CC=1C=CC2=NC(CN=[N+]=[N-])=CN2C1,-1.631809465713154
CC(C)(C)N1CCC(CC1)N=[N+]=[N-],1.235993451401393
OCCCN=[N+]=[N-],0.2430768466909894
[N-]=[N+]=NC1COC1,1.386417812411691
[N-]=[N+]=NC=1C=CN=CC1,1.377431615914332
CC(O)CN=[N+]=[N-],0.6402168770876365
[N-]=[N+]=N[C@H]1CCCC=2C=CC=NC12,0.1992322298212796
ClC=1C=CC(N=[N+]=[N-])=C(C#N)C1,0.5425062316329963
COC=1C=CC(Cl)=C(N=[N+]=[N-])C1,0.2364816088194842
[N-]=[N+]=NCC=1C=NN(C1)C=2C=CC=CC2,-1.890971421398242
NCC=1C=CC=CC1CN=[N+]=[N-],-1.172560691108035
[N-]=[N+]=NC1=NC=CS1,1.234359591335574
CC=1C=CC=2CCC[C@H](N=[N+]=[N-])C2C1,-0.1408059829992999
O[C@@H](CN=[N+]=[N-])C=1C=CC(Cl)=CC1,-2.032143492200323
[N-]=[N+]=NCCN1C(=O)C=2C=CC=CC2C1=O,-2.094631555979338
NCCCCCCN=[N+]=[N-],-0.8274953323599263
CC(C)CN=[N+]=[N-],1.399172717984866
C[C@@H](N=[N+]=[N-])C=1C=CN=CC1,0.1875916700524702
[N-]=[N+]=NCCN1C=C(C#N)C=N1,-1.31538970026242
[N-]=[N+]=NCCCN1CCOCC1,0.4133100785644199
[N-]=[N+]=NCC(=O)N1CCCCC1,-0.2112926135462841
FC(F)(F)C=1C=CC(N=[N+]=[N-])=CC1,1.299430482219186
COC=1C=CC(N=[N+]=[N-])=CC1OC,-0.5440188691922031
[N-]=[N+]=NCC=1C=CC=C2OC=NC12,-1.627560288455206
CC1(CN=[N+]=[N-])COC1,1.310755211371424
CC(N=[N+]=[N-])C(=O)NC=1C=CC=CC1,-0.7769335469778796
[N-]=[N+]=NC1CCCCC=C1,1.215930740474668
FC(F)(F)CN=[N+]=[N-],1.106588094944667
OC(CN=[N+]=[N-])C(F)(F)F,0.2324152011933275
COC=1C=CN=C(N=[N+]=[N-])N1,1.401309510583754
[N-]=[N+]=NCC1OCCOC21CCC2,-0.001607621251293749
[N-]=[N+]=NCCCC#N,-0.01975688357086117
"O[C@@H]1CC[C@H]1N=[N+]=[N-] |&1:1,4,r|",-0.07888711022444383
OC1(CN=[N+]=[N-])CCNC1,0.9653585420934268
FC=1C=CC(CN=[N+]=[N-])=C(F)C1,-0.0565972611022008
[N-]=[N+]=NC=1C=CC=2N=CNC2C1,0.1077182259295492
"C[C@@H]1CNC[C@H]1N=[N+]=[N-] |&1:1,5,r|",-0.1516107137413299
[N-]=[N+]=NCC1(CCCC1)C#N,-1.064622028806835
CC=1C=CC(=CC1)[C@H](O)CN=[N+]=[N-],-0.2995811009926229
COC(=O)CN=[N+]=[N-],0.4169238723816635
COC(=O)C1CCCC(C1)N=[N+]=[N-],0.9104417096072975
CC(N=[N+]=[N-])C1(CC2C1)OC2,0.3729701209343885
CC=1C=CC(N=[N+]=[N-])=CC1Cl,-0.3953370138820017
ClC=1C=CC=2[C@@H](CCC2C1)N=[N+]=[N-],-1.154179447777251
CCC1=NC(C)=C(CN=[N+]=[N-])O1,-0.1217070919130518
NC(=N)NCCN=[N+]=[N-],0.2392227736195493
FC=1C=CC=C2[C@@H](CCC21)N=[N+]=[N-],0.878947513589814
[N-]=[N+]=NC[C@H]1COCCO1,0.8229284998379396
COCCN=[N+]=[N-],1.265970369014992
CN1CCN(CCN=[N+]=[N-])CC1,0.4074027332375229
CC=1C=CC=CC1N=[N+]=[N-],-0.2803321731687437
COC=1C=CC(C)=CC1[C@@H](C)N=[N+]=[N-],0.4708358152496842
N[C@H]1CC[C@@H](CN=[N+]=[N-])CC1,0.08612061389339366
CCN1CCCC(N=[N+]=[N-])C1=O,0.4981412405708952
CC(CN=[N+]=[N-])C=1C=CC=CN1,-0.104978308953476
COC(=O)CCCN=[N+]=[N-],-0.6656110617069229
[N-]=[N+]=NC=1C=CC=C2C=NC=CC12,0.1374059822192934
CN(C)CCCN=[N+]=[N-],-0.4008099466887864
O[C@@H](CN=[N+]=[N-])C=1C=CC=C(Br)C1,-0.1076358769041909
"[N-]=[N+]=N[C@@H]1COC[C@@H]1N2C=CC=N2 |&1:3,7,r|",0.9277169171633682
NCCCN=[N+]=[N-],0.3138649836061221
O=C(O)[C@@H]1C[C@@H](N=[N+]=[N-])CN1,1.18905702140505
[N-]=[N+]=NCCN1CCOCC1,0.4715852908488569
N[C@@H](CCCCN=[N+]=[N-])C(O)=O,0.5904062757421651
COC1=CC=C(C(CN=[N+]=[N-])=O)C=C1,-0.7531743484334102
OCCOCCOCCN=[N+]=[N-],0.6438679672762208
OC([C@@H](CN=[N+]=[N-])NC(OC(C)(C)C)=O)=O,0.9920009552396661
OC(CCCCN=[N+]=[N-])=O,0.9449993052323736
O=C(OC(C)(C)C)N1CCC[C@@H]1CN=[N+]=[N-],-0.658923730566202
OC([C@@H]1CC[C@@H](CN=[N+]=[N-])CC1)=O,0.7156561454793543
[N-]=[N+]=NCC1=CC=CN=C1,-0.8150458361689182
OCCOCCOCCOCCN=[N+]=[N-],0.7221735626690292
O=C(N1[C@H](C(O)=O)C[C@H](N=[N+]=[N-])C1)OCC2C3=CC=CC=C3C4=C2C=CC=C4,0.831083238280466
OC([C@H](CCCCNC(OC(C)(C)C)=O)N=[N+]=[N-])=O,1.057854619089692
O=C(N1)N([C@@H]2O[C@H](CO)[C@@H](N=[N+]=[N-])C2)C=C(C)C1=O,0.6984845737975093
CCOC(CCCN=[N+]=[N-])=O,-0.5287995703824849
NCCCCN=[N+]=[N-],-0.6953659431699226
OC([C@@H](CN=[N+]=[N-])N)=O,0.580211195607091
NCCOCCOCCN=[N+]=[N-],-0.3920449650730635
OC([C@H](CCCCN=[N+]=[N-])NC(OCC1C(C=CC=C2)=C2C3=C1C=CC=C3)=O)=O,-1.391243844617861
O=C(OC(C)(C)C)N1CCC[C@H]1CN=[N+]=[N-],-0.9941565394297898
COC1=CC=C(CN=[N+]=[N-])C=C1,-1.000626960948859
[N-]=[N+]=NCCC1=CNC2=C1C=CC=C2,-1.803775152413866
OC(CCN=[N+]=[N-])=O,0.9528852380844701
OCC(O)CN=[N+]=[N-],0.6331729471789566
O=C(NC1=O)C(CN=[N+]=[N-])=CN1[C@@H]2O[C@H](CO)[C@@H](O)C2,0.1027680852948833
CC(O[C@@H]1[C@@H](COC(C)=O)O[C@@H](N=[N+]=[N-])[C@H](NC(C)=O)[C@H]1OC(C)=O)=O,0.6564182745228386
OC(CN=[N+]=[N-])=O,0.9800029054997054
CC=1NC=2C=CC=CC2C1C(=O)CN=[N+]=[N-],-1.788880200452014
[N-]=[N+]=NCC1=CC=CC=C1,-0.34206030277566
CC1=CC=2C=C(N=[N+]=[N-])C=CC2N1,-1.340702372892855
OC[C@H]1OC(O)[C@H](N=[N+]=[N-])[C@@H](O)[C@@H]1O,1.301765629831472
OC[C@H]1O[C@H](O[C@@H]2[C@H](O)[C@@H](O)[C@H](O)[C@@H](CN=[N+]=[N-])O2)[C@H](O)[C@@H](O)[C@@H]1O,1.257161126245655
OC=1C=CC=2NC(=CC2C1)C(=O)N(CCN=[N+]=[N-])CC=3C=NSC3,-2.088607394356073
COC(=O)C1=C(N=[N+]=[N-])N(C)C=2C=CC=CC12,-1.041708192404899
CC(C)(C)OC(N[C@@H](CC1=CC=C(N=[N+]=[N-])C=C1)C(O)=O)=O,0.9500222071859804
CC=1C=CC=C2NC=C(C(=O)CN3CCC(CC3)C(=O)N[C@@H]4COC[C@@H]4N=[N+]=[N-])C12.OC(=O)C(F)(F)F ,-1.794933624617339
OC(=O)C(CC1=CNC=2C=CC=CC12)NC(=O)[C@H]3C[C@@H](C3)N=[N+]=[N-],0.7111114662502849
CC=1C=CC=2NC(=CC2C1C)C(=O)NC=3C=CC=C(CNC(=O)C=4C=CC(N=[N+]=[N-])=CC4)C3,0.133495964335377
