,Smiles,MTB Standardized Residuals,Scaffold
0,O=C1NC(CCC1(CC)C2=CC=C(N=[N+]=[N-])C=C2)=O,-0.4199528354619971,O=C1CCC(c2ccccc2)C(=O)N1
1,OC([C@@H](NC(OC(C)(C)C)=O)CC1=CC=C(N=[N+]=[N-])C=C1)=O,0.556693832196371,c1ccccc1
2,O[C@H]1[C@@H](CO)O[C@@H](OC2=CC=C(N=[N+]=[N-])C=C2)[C@H](O)[C@H]1O,0.3644650407590233,c1ccc(O[C@H]2CCCCO2)cc1
3,COC1=CC(CCN=[N+]=[N-])=CC=C1,1.249243665502677,c1ccccc1
4,C[C@@H](COC1=C2C(C3=O)=CC(F)=C1C4(N=[N+]=[N-])CC4)N2C=C3C(O)=O,-0.5689719526197704,O=c1ccn2c3c(c(C4CC4)ccc13)OCC2
5,O=C(C(C(O)=O)=CN1C2=CC=C(F)C=C2F)C3=C1N=C(N4CCC(N=[N+]=[N-])C4)C(F)=C3,1.206155066928173,O=c1ccn(-c2ccccc2)c2nc(N3CCCC3)ccc12
6,NC1=NC2=C(S1)C[C@@H](N=[N+]=[N-])CC2,-0.1601745222771243,c1nc2c(s1)CCCC2
7,[N-]=[N+]=NC1=CC=CC(CN2CCCCC2)=C1,1.000184226311437,c1ccc(CN2CCCCC2)cc1
8,CCOC(C1=CC(N=[N+]=[N-])=CC=C1)=O,1.259469707652317,c1ccccc1
9,[N-]=[N+]=NCCOC1=CC=CC=C1,1.21282831713664,c1ccccc1
10,CC(N=[N+]=[N-])CCC1=CC=CC=C1,1.434340997835281,c1ccccc1
11,C[C@@H](C1=C2C=CC=CC2=CC=C1)N=[N+]=[N-],1.352722193681778,c1ccc2ccccc2c1
12,O=C(OCC1=CC=CC=C1)[C@H](C(C)C)N=[N+]=[N-],0.9332979079050412,c1ccccc1
13,CC(C)(OC([C@H](CC(C=C1)=CC=C1OC(C)(C)C)N=[N+]=[N-])=O)C,0.8805424693343122,c1ccccc1
14,O=C(OC(C)(C)C)[C@@H](N=[N+]=[N-])CC1=CC=CC=C1,1.273501149768083,c1ccccc1
15,O=C(OC)C(C)(N=[N+]=[N-])CC1=CC=CC=C1,1.409387203225793,c1ccccc1
16,OC1=CC=CC=C1CN=[N+]=[N-],-0.5657791465256881,c1ccccc1
17,OC1=CC=C(CCN=[N+]=[N-])C=C1,-2.034964643542829,c1ccccc1
18,BrC1=CC=C(N=[N+]=[N-])C=C1,1.076965840382631,c1ccccc1
19,OCC([C@@](C1)(O)C[C@H](O[C@H]2C[C@@H]([C@@H]([C@@H](O2)C)O)N=[N+]=[N-])C(C1=C3O)=C(O)C4=C3C(C5=CC=CC(OC)=C5C4=O)=O)=O,0.1258015947176954,O=C1c2ccccc2C(=O)c2cc3c(cc21)CCC[C@@H]3O[C@H]1CCCCO1
20,FC1=CC=C(N=[N+]=[N-])C=C1,1.273156755193249,c1ccccc1
21,FC1=CC=CC(N=[N+]=[N-])=C1,1.122383084660224,c1ccccc1
22,IC1=CC=C(N=[N+]=[N-])C=C1,1.175541421439108,c1ccccc1
23,CSC1=CC=C(N=[N+]=[N-])C=C1,1.313961377960962,c1ccccc1
24,COC1=CC=C(CN=[N+]=[N-])C=C1,0.8946502480995262,c1ccccc1
25,C[C@@]1(C[C@](C2)(N=[N+]=[N-])C3)C[C@H]2C[C@@]3(C)C1,1.300296984134472,C1C2CC3CC1CC(C2)C3
26,COC1=CC=C(N=[N+]=[N-])C=C1,1.403730204998625,c1ccccc1
27,[N-]=[N+]=NC1=CC=C(C2=CC=CC=C2)C=C1,1.248347561510834,c1ccc(-c2ccccc2)cc1
28,OC1=CC=C(C[C@H](N=[N+]=[N-])C(OCC)=O)C=C1,-0.4845402244321741,c1ccccc1
29,CC(C)(N=[N+]=[N-])C1=CC=CC=C1,1.19766990360935,c1ccccc1
30,[O-]S(C1=CC=CC2=C(NCCN=[N+]=[N-])C=CC=C21)(=O)=O,-1.923188997657322,c1ccc2ccccc2c1
31,OC1=CC(C)=C(N=[N+]=[N-])C=C1,-1.226237190459306,c1ccccc1
32,O[C@H]1[C@H](C[C@H](O[C@@H](C[C@@](C(C)=O)(O)C2)C(C2=C3O)=C(O)C4=C3C(C5=CC=CC(OC)=C5C4=O)=O)O[C@H]1C)N=[N+]=[N-],-0.0652788278612011,O=C1c2ccccc2C(=O)c2cc3c(cc21)CCC[C@@H]3O[C@H]1CCCCO1
33,FC1=C(C[C@@H](N=[N+]=[N-])CC(N2CC3=NN=C(C(F)(F)F)N3CC2)=O)C=C(F)C(F)=C1,-1.581854602011008,O=C(CCCc1ccccc1)N1CCn2cnnc2C1
34,OC(C1=C(C=CC(C)=C1)N=[N+]=[N-])=O,1.005646912654881,c1ccccc1
35,ClC1=C(C2C(C(OCC)=O)=C(COCCN=[N+]=[N-])NC(C)=C2C(OC)=O)C=CC=C1,0.8001588998582655,C1=CC(c2ccccc2)C=CN1
36,O=C(N1C)C=C(N2C[C@H](N=[N+]=[N-])CCC2)N(CC3=CC=CC=C3C#N)C1=O,-1.122447621281626,O=c1cc(N2CCCCC2)n(Cc2ccccc2)c(=O)[nH]1
37,CC(NC1=CC=C(N=[N+]=[N-])C=C1)=O,-0.4519470029960361,c1ccccc1
38,ClC1=CC=C(N=[N+]=[N-])C=C1,1.306658660108034,c1ccccc1
39,[N-]=[N+]=NC1CN(C(C2=CC=CC=C2)C3=CC=CC=C3)C1,-1.479461436512903,c1ccc(C(c2ccccc2)N2CCC2)cc1
40,CN(C(N=C(N1C[C@H](N=[N+]=[N-])CCC1)N2CC#CC)=C2C3=O)C(N3CC4=NC5=CC=CC=C5C(C)=N4)=O,-1.105531785689971,O=c1[nH]c2nc(N3CCCCC3)[nH]c2c(=O)n1Cc1ncc2ccccc2n1
41,OC[C@@H](O1)[C@H](C[C@@H]1N(C2=O)C=C(C(N2)=O)C)N=[N+]=[N-],0.235846599436163,O=c1ccn([C@H]2CCCO2)c(=O)[nH]1
42,[N-]=[N+]=NCC1=CC=CC=C1,1.070878427351406,c1ccccc1
43,O=C(CN=[N+]=[N-])OCC1=CC=CC=C1,0.7877171714176615,c1ccccc1
44,C[C@H](N=[N+]=[N-])C1=CC=CC=C1,1.172419658752554,c1ccccc1
45,O=C([C@H](CO)N=[N+]=[N-])OCC1=CC=CC=C1,1.206177838323782,c1ccccc1
46,O=C(OCC1=CC=CC=C1)C[C@H](N=[N+]=[N-])C(OCC2=CC=CC=C2)=O,1.017033030933133,O=C(CCC(=O)OCc1ccccc1)OCc1ccccc1
47,ClC1=CC=C(CC(N=[N+]=[N-])C(OC)=O)C=C1,0.8083580101251034,c1ccccc1
48,[N-]=[N+]=NC1=CC=C(OCC2=CC=CC=C2)C=C1,-0.3894556497058633,c1ccc(COc2ccccc2)cc1
49,ClC1=NC=C(CN=[N+]=[N-])S1,-0.0695349606951914,c1cscn1
50,[N-]=[N+]=NCC1=NC2=CC=CC=C2N1,-1.655502247750971,c1ccc2[nH]cnc2c1
51,BrC1=C(N=[N+]=[N-])NN=C1,-1.146792227057042,c1cn[nH]c1
52,CS(C1=CC=CC(N=[N+]=[N-])=C1)(=O)=O,0.3523132180657205,c1ccccc1
53,CN(C)CC1=CC=CC(N=[N+]=[N-])=C1,0.8383548959407532,c1ccccc1
54,O=C(OC(C)(C)C)N1N=CC2=CC(N=[N+]=[N-])=CC=C21,-1.044764792898681,c1ccc2[nH]ncc2c1
55,CC1=C2C(OCC[C@H]2N=[N+]=[N-])=CC=C1,0.9160403211707449,c1ccc2c(c1)CCCO2
56,[N-]=[N+]=NC1=CC=C(N2N=CN=C2)C=C1,0.0359435029823963,c1ccc(-n2cncn2)cc1
57,O=C1NC(C)=CC(C)=C1CN=[N+]=[N-],0.8517320722957159,O=c1cccc[nH]1
58,ClC1=CC=C(OCCN=[N+]=[N-])C=C1,0.7282224828896862,c1ccccc1
59,FC1=CC(COC2=CC=C(C=C2Cl)N=[N+]=[N-])=CC=C1,0.5419453151367388,c1ccc(COc2ccccc2)cc1
60,[N-]=[N+]=NC1=CC=C(CN2CCOCC2)C=C1,0.1257277771514372,c1ccc(CN2CCOCC2)cc1
61,CN(CC1)CCN1C2=C(N=[N+]=[N-])C=CC=C2,-0.4899837884837443,c1ccc(N2CCNCC2)cc1
62,CN1CCC(C2=CC=C(C=C2)N=[N+]=[N-])CC1,-0.1928619668002922,c1ccc(C2CCNCC2)cc1
63,O=C(OC(C)(C)C)N1CCC(N2N=CC(N=[N+]=[N-])=C2)CC1,-1.312412501345484,c1cnn(C2CCNCC2)c1
64,COC1=NC=CC(CN=[N+]=[N-])=C1,-0.0394619402389265,c1ccncc1
65,COC1=C(N=[N+]=[N-])C=CC=C1OC,0.9078531774281988,c1ccccc1
66,CCCOC1=CC=C(N=[N+]=[N-])C=C1,1.071638361797831,c1ccccc1
67,CCN(CC1)CCN1C2=CC=C(N=[N+]=[N-])C=C2,-0.8735711011609135,c1ccc(N2CCNCC2)cc1
68,[N-]=[N+]=NC1=CNN=C1,-1.663460343385055,c1cn[nH]c1
69,CC1=C(N=[N+]=[N-])C=CC=C1C(O)=O,0.8262135437832112,c1ccccc1
70,OS(C1=CC=CC(N=[N+]=[N-])=C1)(=O)=O,0.9545452834727692,c1ccccc1
71,COC1=C(OC)C=C(CCN=[N+]=[N-])C=C1,-2.102690846652322,c1ccccc1
72,O=C1N(C2C(NC(CC2)=O)=O)CC3=C(N=[N+]=[N-])C=CC=C31,0.8583936973943319,O=C1CCC(N2Cc3ccccc3C2=O)C(=O)N1
73,OC[C@@H](N=[N+]=[N-])C1=CC=CC=C1,-0.3359710642407102,c1ccccc1
74,O[C@H]1CC2=CC=CC=C2[C@H]1N=[N+]=[N-],-0.7579718812179289,c1ccc2c(c1)CCC2
75,[N-]=[N+]=N[C@@H]1CCCC2=CC=CC=C21,0.9546733563963604,c1ccc2c(c1)CCCC2
76,[N-]=[N+]=NC1CC2=CC=CC=C2C1,0.9391853495686876,c1ccc2c(c1)CCC2
77,[N-]=[N+]=NC1=CC=CC=C1NC2=CC=CC=C2,-0.7834414834414485,c1ccc(Nc2ccccc2)cc1
78,NC([C@@H](C1=CC=CC=C1)N=[N+]=[N-])=O,0.5743879797194384,c1ccccc1
79,[N-]=[N+]=NC1(CC1)C2=CC=CC=C2,1.102636281675035,c1ccc(C2CC2)cc1
80,CC1=C(N=[N+]=[N-])C=CC=C1C(OC)=O,1.170041287578509,c1ccccc1
81,OC(CC1=CC=CC(N=[N+]=[N-])=C1)=O,0.9071568515960078,c1ccccc1
82,CN(C)CC1=CC=C(N=[N+]=[N-])C=C1,1.058826664599369,c1ccccc1
83,CCC1=CC(N=[N+]=[N-])=CC=C1,1.086329756349388,c1ccccc1
84,FC(F)(F)C1=CC=C(CN=[N+]=[N-])C=N1,1.019652889375416,c1ccncc1
85,FC1=CC=C(OCCN=[N+]=[N-])C=C1,1.032895807640603,c1ccccc1
86,COC(CC1=CC=C(N=[N+]=[N-])C=C1)=O,0.971314347296206,c1ccccc1
87,OC(CC1=CC=C(N=[N+]=[N-])C=C1)=O,1.024840341652448,c1ccccc1
88,O=C(N(CC1)C[C@@H]1N=[N+]=[N-])OCC2=CC=CC=C2,-0.8533828648824854,O=C(OCc1ccccc1)N1CCCC1
89,O=C(NC1=CC(N=[N+]=[N-])=CC=C1)C2=CC=CC=C2,-1.172928497317379,O=C(Nc1ccccc1)c1ccccc1
90,CC(NC1=CC=CC(N=[N+]=[N-])=C1)=O,-0.5509605701632971,c1ccccc1
91,[N-]=[N+]=NCC1=NC=CC=N1,-0.5169900546385041,c1cncnc1
92,CC(N=[N+]=[N-])C1=CC=C(OC)C=C1,0.7431833492590805,c1ccccc1
93,CCOC1=CC=CC=C1CN=[N+]=[N-],0.990930694310086,c1ccccc1
94,FC(F)OC1=CC=C(CN=[N+]=[N-])C=C1,1.056372607659793,c1ccccc1
95,[N-]=[N+]=NCCC1=CC([N+]([O-])=O)=CC=C1,-1.891314874681111,c1ccccc1
96,C[C@H](N=[N+]=[N-])C1=NC=C(N1)C2=CC=CC=C2,-0.939660784724036,c1ccc(-c2cnc[nH]2)cc1
97,FC1=C(C(N)=O)C=C(N=[N+]=[N-])C=C1,-0.1342400068662776,c1ccccc1
98,CC1=C(SC=N1)CCN=[N+]=[N-],-1.231314968770929,c1cscn1
99,FC1=CC=CC(C2(CC2)N=[N+]=[N-])=C1,0.8562305499398293,c1ccc(C2CC2)cc1
100,ClC1=CC=C(CCCCN=[N+]=[N-])C=C1,0.9435094135863198,c1ccccc1
101,CC1=CSC(C(C)N=[N+]=[N-])=N1,0.8983699179488804,c1cscn1
102,O=C(OC)C1=CC=CC(CN=[N+]=[N-])=C1,0.7253713314317127,c1ccccc1
103,O=C([C@H](N=[N+]=[N-])CO)OCC1=CC=CC=C1,-1.069825386393193,c1ccccc1
104,CC1=CC=C(CN=[N+]=[N-])S1,0.815928396313005,c1ccsc1
105,O[C@H]1[C@H]([C@@H](C[C@@H]1CO)N=[N+]=[N-])O,0.5036334560481315,C1CCCC1
106,BrC1=CN=C(CN=[N+]=[N-])C=C1,-0.7744012326837849,c1ccncc1
107,ClC1=NC=CN=C1CN=[N+]=[N-],-1.08317410777744,c1cnccn1
108,CC(N=[N+]=[N-])C1=CC(OCCO2)=C2C=C1,-0.7269421492767694,c1ccc2c(c1)OCCO2
109,CC(N=[N+]=[N-])C1=NC2=C(N1)C=CC=C2,0.3746381987459245,c1ccc2[nH]cnc2c1
110,CC1=CC(CN=[N+]=[N-])=NO1,-0.2274692386860316,c1cnoc1
111,CC1=NN(CCN=[N+]=[N-])C(C)=C1,-1.59781832209744,c1cn[nH]c1
112,[N-]=[N+]=NCC1=CSC=N1,-0.9493345149576564,c1cscn1
113,CS(C1=CC=CC=C1CN=[N+]=[N-])(=O)=O,-1.8348781401429,c1ccccc1
114,N#CC1=C(F)C=C(CN=[N+]=[N-])C=C1,-1.173901475680464,c1ccccc1
115,CC(C)(N=[N+]=[N-])C1=CC(F)=CC(F)=C1,0.8488468144960273,c1ccccc1
116,[N-]=[N+]=NCC1=CSC=C1,0.8127169246736873,c1ccsc1
117,ClC1=CC=C(C2(CC2)CN=[N+]=[N-])C=C1,0.8079924928887537,c1ccc(C2CC2)cc1
118,O[C@H]1[C@@H](CCC1)N=[N+]=[N-],0.1474628580969436,C1CCCC1
119,[N-]=[N+]=N[C@H](C1)[C@@H]1C2=CC=CC=C2,0.6334991962757061,c1ccc(C2CC2)cc1
120,CC1=NN(C)C(CN=[N+]=[N-])=C1,-0.9568364999484692,c1cn[nH]c1
121,COC1=CC=CC(OCCCN=[N+]=[N-])=C1,-1.992391230277793,c1ccccc1
122,CCN1C=C(CN=[N+]=[N-])C=N1,-1.237952618696906,c1cn[nH]c1
123,BrC1=CN=CC(CN=[N+]=[N-])=C1,-1.587795778060287,c1ccncc1
124,OC1=CC=CC(CCN=[N+]=[N-])=C1,-2.697876260994188,c1ccccc1
125,FC1=C(F)C(F)=CC(CN=[N+]=[N-])=C1,-0.0467249643311604,c1ccccc1
126,ClC1=CC=C(C(C)(C)CN=[N+]=[N-])C=C1,0.6429955966964581,c1ccccc1
127,[N-]=[N+]=NCC1=NC=CS1,-0.7424049621783638,c1cscn1
128,CC(N=[N+]=[N-])C1=CC=CS1,0.1102803666452806,c1ccsc1
129,[N-]=[N+]=NCC1=CN=CS1,0.8909452423617268,c1cscn1
130,CCOC(C1=CC=NC(CN=[N+]=[N-])=C1)=O,0.4501144148262428,c1ccncc1
131,FC1=CC=CC(C(C)N=[N+]=[N-])=C1,0.547447242987842,c1ccccc1
132,FC1=C(CN=[N+]=[N-])C(F)=CC=C1,0.7392792030215557,c1ccccc1
133,OC(CN=[N+]=[N-])COC1=CC=C(OC)C=C1,-2.211526100666807,c1ccccc1
134,CC1=C(C)C=C(CCN=[N+]=[N-])C=C1,0.3541990573566516,c1ccccc1
135,FC1=CC=C(F)C=C1CN=[N+]=[N-],0.5160406253727304,c1ccccc1
136,CC1=C(CN=[N+]=[N-])C=CC=C1C,0.8976169850753803,c1ccccc1
137,CC1=CC=CC(CCN=[N+]=[N-])=C1,0.7106803886368295,c1ccccc1
138,CC1=C(C)C=CC(CN=[N+]=[N-])=C1,0.6147131214915831,c1ccccc1
139,CC(C1=NC(CCN=[N+]=[N-])=NO1)C,-0.8069608819200379,c1ncon1
140,OC1=CC=CC=C1CCN=[N+]=[N-],-2.670578563123226,c1ccccc1
141,ClC1=CC(CCN=[N+]=[N-])=CC(Cl)=C1,0.8048073223943777,c1ccccc1
142,FC1=CC(F)=C(Cl)C=C1CN=[N+]=[N-],0.6384933493347901,c1ccccc1
143,CC(N=[N+]=[N-])C1=NC=CC=C1,-0.2418285758012321,c1ccncc1
144,COC1=C(OC)C=C(CN=[N+]=[N-])C=C1OC,-2.598173696183815,c1ccccc1
145,[N-]=[N+]=NCC1=CNN=C1,-1.296373237901636,c1cn[nH]c1
146,OC(C[C@H](N=[N+]=[N-])CC1=CC=CC=C1)=O,0.230685999702927,c1ccccc1
147,OC1=CC(N=[N+]=[N-])=CC(C(O)=O)=C1,-0.3681520020089786,c1ccccc1
148,OCC[C@@H](N=[N+]=[N-])C1=CC=CC=C1,-1.288255678111611,c1ccccc1
149,OC1=C(OC)C=CC(CCN=[N+]=[N-])=C1,-2.882113460776371,c1ccccc1
150,COC1=CC(CN=[N+]=[N-])=CC(OC)=C1,-1.114198050942841,c1ccccc1
151,CC(C)(COCC1)C1N=[N+]=[N-],0.9154373454732864,C1CCOCC1
152,NC(C1=CC(OC)=CC=C1N=[N+]=[N-])=O,0.001416009823592,c1ccccc1
153,OCC(N=[N+]=[N-])C1=CC=CC=C1C,-0.665468850280146,c1ccccc1
154,O[C@H]1CC2=C(C=CC=C2)[C@@H]1N=[N+]=[N-],-1.607663060092029,c1ccc2c(c1)CCC2
155,[N-]=[N+]=NCCC1=CSC=C1,0.836738681749127,c1ccsc1
156,[N-]=[N+]=NCC1=CC=C([N+]([O-])=O)C=C1,-0.6173226542442902,c1ccccc1
157,ClC1=CC(F)=CC=C1CN=[N+]=[N-],0.8524269435581554,c1ccccc1
158,CS(C1=CC=C(CN=[N+]=[N-])C=C1)(=O)=O,-2.164062436394736,c1ccccc1
159,ClC1=C(CN=[N+]=[N-])C(Cl)=CC=C1,0.6691516842266042,c1ccccc1
160,COC1=C(O)C=CC(CCN=[N+]=[N-])=C1,-2.794881958815048,c1ccccc1
161,FC1=CC=C(CN=[N+]=[N-])C(C(F)(F)F)=C1,1.335570501199078,c1ccccc1
162,[N-]=[N+]=NCC1=CC([N+]([O-])=O)=CC=C1,-1.240808110665689,c1ccccc1
163,FC(F)(F)C1=CC=C(CN=[N+]=[N-])C=C1,0.9316306916078604,c1ccccc1
164,CC1=CC=C(C(C)N=[N+]=[N-])C=C1,0.8870507557260802,c1ccccc1
165,CC(N=[N+]=[N-])C1=CC=C(F)C=C1,0.7158425867478019,c1ccccc1
166,O=C(NCCN=[N+]=[N-])OCC1=CC=CC=C1,-2.291291560599793,c1ccccc1
167,OC[C@@H](N=[N+]=[N-])CC1=CC=CC=C1,-1.514678524558206,c1ccccc1
168,N#CC1=CC=C(CN=[N+]=[N-])C=C1,-1.37105548169578,c1ccccc1
169,COC1=CC=CC=C1CN=[N+]=[N-],0.3482813967997851,c1ccccc1
170,COC(C1=CC(CN=[N+]=[N-])=NC=C1)=O,-1.588203474921293,c1ccncc1
171,[N-]=[N+]=NCCC1=CC=C([N+]([O-])=O)C=C1,-1.781052514295145,c1ccccc1
172,[N-]=[N+]=NC1(CC1)C2=CC=CC=C2,1.161315650392083,c1ccc(C2CC2)cc1
173,O=C(OC)C[C@H](N=[N+]=[N-])C1=CC=CC=C1,0.7472079135717765,c1ccccc1
174,O=C1NCCCCC1N=[N+]=[N-],0.7933439250382205,O=C1CCCCCN1
175,BrC1=CC=CC(CN=[N+]=[N-])=C1,1.032271291624927,c1ccccc1
176,O[C@H](CN=[N+]=[N-])C1=CC=CC=C1,-1.657857961902167,c1ccccc1
177,CCCOC1=CC=CC(CN=[N+]=[N-])=C1,0.9900771763945126,c1ccccc1
178,OCC1=CC=CC=C1CN=[N+]=[N-],-1.520455226707871,c1ccccc1
179,[N-]=[N+]=NCCCOCC1=CC=CC=C1,-0.0932495562525581,c1ccccc1
180,ClC(C=C1)=C(C(F)(F)F)C=C1N=[N+]=[N-],-0.0501326151000996,c1ccccc1
181,C[C@H](C1=CC=CC=C1)CN=[N+]=[N-],0.5592230738319116,c1ccccc1
182,CC1=C(OCC(N=[N+]=[N-])C)C(C)=CC=C1,1.008295698483758,c1ccccc1
183,ClC1=CC=C(C2(CC2)N=[N+]=[N-])C=C1,0.9289741901774264,c1ccc(C2CC2)cc1
184,FC1=CC=CC(CCN=[N+]=[N-])=C1,0.7154742740433756,c1ccccc1
185,FC(C1=CC=CC=C1CN=[N+]=[N-])(F)F,1.201234754619076,c1ccccc1
186,ClC1=CC=C(CCN=[N+]=[N-])C=C1Cl,0.7480880545672196,c1ccccc1
187,OC1=CC=C(C[C@@H](N=[N+]=[N-])C(OC)=O)C=C1,-2.231514295349986,c1ccccc1
188,CC(C=C1)=CC=C1CN=[N+]=[N-],0.6336818908664473,c1ccccc1
189,[N-]=[N+]=NCCC1=CC=CS1,0.8449716259576656,c1ccsc1
190,OC1=CC=CC2=C1CCCC2N=[N+]=[N-],-1.340346023277059,c1ccc2c(c1)CCCC2
191,[N-]=[N+]=NC1CCCC2=CC=CC=C21,0.8864017669682748,c1ccc2c(c1)CCCC2
192,[N-]=[N+]=NCC(C=CC=C1)=C1[N+]([O-])=O,0.1939354632314113,c1ccccc1
193,OC1=C(OC)C=CC(CN=[N+]=[N-])=C1,-2.614702867829104,c1ccccc1
194,ClC1=CC=CC(C(O)CN=[N+]=[N-])=C1,-2.211497594988505,c1ccccc1
195,O=C(OC)C1=CC=C([C@@H](N=[N+]=[N-])C)C=C1,-0.3911635101118033,c1ccccc1
196,[N-]=[N+]=NC1=C(C2=CC=CC=C2)C=CC=C1,1.063922928007042,c1ccc(-c2ccccc2)cc1
197,ClC1=CC=CC=C1[C@@H](N=[N+]=[N-])C,1.186327690522133,c1ccccc1
198,CC1=CC=C([C@H](C)N=[N+]=[N-])C=C1,0.4888499331479535,c1ccccc1
199,O=C1C(N=[N+]=[N-])CCC2=CC=CC=C2N1,-0.7732587544799991,O=C1CCCc2ccccc2N1
200,CC1=CC=C(CN=[N+]=[N-])N=C1,-0.5457054774133172,c1ccncc1
201,[N-]=[N+]=N[C@H]1CCC2=C1C=CC=C2,1.229162631090153,c1ccc2c(c1)CCC2
202,FC(F)(F)C1=CC(CCN=[N+]=[N-])=CC=C1,0.7086376527003246,c1ccccc1
203,O=C(OC)[C@H](N=[N+]=[N-])CC1=CC=CC=C1,-0.8999649662045375,c1ccccc1
204,OC(CN=[N+]=[N-])C1=CC(O)=CC=C1,-2.375922519426585,c1ccccc1
205,C[C@@H](C(OCC1=CC=CC=C1)=O)N=[N+]=[N-],-0.4963740926955509,c1ccccc1
206,[N-]=[N+]=NCCC1=CC2=CC=CC=C2C=C1,-1.256446085394914,c1ccc2ccccc2c1
207,ClC1=CC=C(CN=[N+]=[N-])C=N1,-0.866612673628026,c1ccncc1
208,[N-]=[N+]=NCCC1=CC=CC=N1,-1.113186585684695,c1ccncc1
209,[N-]=[N+]=NCCC1=CC=CC=C1,0.9929924814104388,c1ccccc1
210,COC(C(N=[N+]=[N-])CC1=CC=CC=C1)=O,-0.2517973893384957,c1ccccc1
211,[N-]=[N+]=NCC1=CC=CC=N1,-0.5682158490591469,c1ccncc1
212,FC1=C(CCN=[N+]=[N-])C=CC=C1,0.8427996556313271,c1ccccc1
213,OCC[C@H](N=[N+]=[N-])C1=CC=CC=C1,-1.096322154639451,c1ccccc1
214,NC1=NC(CCC(N=[N+]=[N-])C2)=C2S1,-1.611260504287476,c1nc2c(s1)CCCC2
215,BrC(C=C1)=CC=C1CN=[N+]=[N-],0.0727798331313469,c1ccccc1
216,O[C@@H]1CC2=CC=CC=C2[C@@H]1N=[N+]=[N-],-1.346340092247883,c1ccc2c(c1)CCC2
217,FC1=CC=C(CCN=[N+]=[N-])C=C1,0.7178276218570361,c1ccccc1
218,FC1=CC=C([C@H](N=[N+]=[N-])C)C=C1,0.90265918786705,c1ccccc1
219,OC1=CC=C(C(CN=[N+]=[N-])O)C=C1,-2.512644092005473,c1ccccc1
220,NC(C1=CC=CC(N=[N+]=[N-])=C1)=O,-0.0606933204757719,c1ccccc1
221,OC1=CC=C(CCN=[N+]=[N-])C=C1,-2.769242116320593,c1ccccc1
222,OC1=CC=C(C(N=[N+]=[N-])C)C=C1,-0.3566807335257734,c1ccccc1
223,COC1=CC(OC)=CC=C1CN=[N+]=[N-],-0.9687295176508468,c1ccccc1
224,OC1CC2=C(C=CC=C2)C1N=[N+]=[N-],-1.139914614584552,c1ccc2c(c1)CCC2
225,FC1=CC=C(C(N=[N+]=[N-])CCO)C=C1,-1.183006627857089,c1ccccc1
226,CC(C)(C)C(N=[N+]=[N-])C1=CC=CC=C1,0.8554454461630838,c1ccccc1
227,[N-]=[N+]=N[C@@H]1CCC2=C1C=CC=C2,0.1975085839011896,c1ccc2c(c1)CCC2
228,OCC(N=[N+]=[N-])CC1=CC=CC=C1,-1.775683680365763,c1ccccc1
229,ClC1=CC=C(C(N=[N+]=[N-])CCO)C=C1,-1.595090306976764,c1ccccc1
230,O=C([C@@H](C1=CC=CC=C1)N=[N+]=[N-])Cl,0.5296861497757945,c1ccccc1
231,[N-]=[N+]=NCCC1=CC(OCO2)=C2C=C1,-1.213390000629992,c1ccc2c(c1)OCO2
232,NC1=NC2=C(S1)C[C@H](N=[N+]=[N-])CC2,-0.8511012628992936,c1nc2c(s1)CCCC2
233,[N-]=[N+]=NCC1=CC=NN1,-1.179081627428759,c1cn[nH]c1
234,ClC1=CC=C(C(O)CN=[N+]=[N-])C=C1,-2.087623915976141,c1ccccc1
235,CC1=NN(C)C=C1CN=[N+]=[N-],-0.2800869071107109,c1cn[nH]c1
236,[N-]=[N+]=NCCCC1=CC=CC=C1,0.7800876586045131,c1ccccc1
237,[N-]=[N+]=NCC1=CN=CC=C1,-1.001570738337865,c1ccncc1
238,ClC1=CC(Cl)=C(CCN=[N+]=[N-])C=C1,0.9959533719922132,c1ccccc1
239,C[C@@H](C(C=C1)=CC=C1[N+]([O-])=O)N=[N+]=[N-],-0.431064511709567,c1ccccc1
240,OCCC(N=[N+]=[N-])C1=CC=CC=C1,-1.171667729537986,c1ccccc1
241,OC[C@@H](C1=CC=CC=C1)N=[N+]=[N-],-0.8887840076720228,c1ccccc1
242,OC[C@@H](CC1=CC=CC=C1)N=[N+]=[N-],-0.8635774195122979,c1ccccc1
243,ClC1=CC=C(CN=[N+]=[N-])C=C1,0.7916693493367056,c1ccccc1
244,CC[C@@H](N=[N+]=[N-])C1=CC=CC=C1,0.6409437784428523,c1ccccc1
245,BrC1=CC(CN=[N+]=[N-])=CC=C1,0.7272136985963972,c1ccccc1
246,CC(C)C1=C(N=[N+]=[N-])C(C(C)C)=CC=C1,0.9136106592229616,c1ccccc1
247,OC1=CC=CC=C1N=[N+]=[N-],-1.420546156583856,c1ccccc1
248,[N-]=[N+]=NCC1=NC=CN=C1,-0.470702148993167,c1cnccn1
249,O=C(C(C=C1)=CC(N=[N+]=[N-])=C1C)OC,1.074123039493342,c1ccccc1
250,[N-]=[N+]=N[C@H]1CCCN(CC2=CC=CC=C2)C1,-0.9506156941845272,c1ccc(CN2CCCCC2)cc1
251,OC([C@H](CCCCCC1)[C@H]1N=[N+]=[N-])=O,0.3115923264068475,C1CCCCCCC1
252,[N-]=[N+]=NCC1=CC=C(C2=CC=CC=C2)C=C1,-0.9932473646247236,c1ccc(-c2ccccc2)cc1
253,O=C(OC)C(CC1)(N=[N+]=[N-])CCN1CC2=CC=CC=C2,0.6388745115392073,c1ccc(CN2CCCCC2)cc1
254,CC(C)(OC(N(CCN=[N+]=[N-])C)=O)C,0.1767070137026899,
255,ClC1=C(CCN=[N+]=[N-])C=C(Cl)C=C1,0.8960742852615696,c1ccccc1
256,[N-]=[N+]=NCC1=NC2=CC=CC=C2S1,-0.8781005730184319,c1ccc2scnc2c1
257,ClC1=C(Cl)C=CC(C(C)N=[N+]=[N-])=C1,0.9335601478399348,c1ccccc1
258,C[C@H](CN=[N+]=[N-])C1=CC=CC=C1,0.8193756924935861,c1ccccc1
259,FC1=CC(O)=C(C=C1)N=[N+]=[N-],-1.452202552902884,c1ccccc1
260,OCC(CO)N=[N+]=[N-],0.8291385809795986,
261,ClC1=CC=CC=C1CCN=[N+]=[N-],1.060788383401125,c1ccccc1
262,FC1=CC(CN=[N+]=[N-])=CC=C1,1.142190908755737,c1ccccc1
263,[N-]=[N+]=N[C@@]12C[C@H](C[C@H]2C3)C[C@H]3C1,1.040136177748114,C1C2C[C@H]3C[C@@H]1C[C@@H]2C3
264,BrC1=CC=CC(CCN=[N+]=[N-])=C1,0.6738722319003515,c1ccccc1
265,CC1=CC=C(C)C=C1CN=[N+]=[N-],1.04607382850502,c1ccccc1
266,O=C(C)N(CC1)C2=C1C=CC(N=[N+]=[N-])=C2,-0.5059919524613741,c1ccc2c(c1)CCN2
267,O=C(CC(CN=[N+]=[N-])C1=CC=CC=C1)O,0.2325140227891365,c1ccccc1
268,CC(C)C(C=C1)=CC=C1CN=[N+]=[N-],0.9866820093859664,c1ccccc1
269,ClC1=CC=C(C(C)N=[N+]=[N-])C=C1,1.053984623081509,c1ccccc1
270,CCOC1=CC=C(CN=[N+]=[N-])C=C1,0.2452149746515011,c1ccccc1
271,CC(C)OC1=CC=C(N=[N+]=[N-])C=C1,0.8463665221340749,c1ccccc1
272,[N-]=[N+]=NC1CCNCC1,-0.248001260910274,C1CCNCC1
273,CS(CCN=[N+]=[N-])(=O)=O,0.2548284096184062,
274,CC(C)C[C@@H](N=[N+]=[N-])CO,-0.1092321694722554,
275,OC1(CN=[N+]=[N-])CC1,-0.3910753477018118,C1CC1
276,O=C(OC(C)(C)C)N1CC(CN=[N+]=[N-])C1,-1.323558802862922,C1CNC1
277,CC(C)(C)[Si](C)(C)OCCN=[N+]=[N-],0.1416304750717541,
278,OC1CC(N=[N+]=[N-])C1,-0.3161074038239811,C1CCC1
279,N#CCN=[N+]=[N-],0.8922589946134943,
280,OS(OCCN=[N+]=[N-])(=O)=O,0.5873554586131667,
281,COC([C@@H](N=[N+]=[N-])CC(OC)=O)=O,0.4484349691182273,
282,C[C@H](N=[N+]=[N-])C(N)=O,0.6777806548031626,
283,OCCCCCCN=[N+]=[N-],-2.065133102738702,
284,O=C(OC(C)(C)C)N1CCCC(CN=[N+]=[N-])C1,-1.071263162865575,C1CCNCC1
285,OC[C@@H](N=[N+]=[N-])[C@@H](C)CC,0.1669218631369747,
286,O=C(OC(C)(C)C)N1CCCC(N=[N+]=[N-])C1,-0.3220169709344707,C1CCNCC1
287,O=C(C1=CC(OC)=CC=C1OC)CN=[N+]=[N-],0.4045269379708082,c1ccccc1
288,O[C@]12C[C@@H](C3)C[C@@H](C[C@]3(N=[N+]=[N-])C2)C1,0.5611368885850506,C1C2CC3CC1CC(C2)C3
289,OC1(CCCC1)CN=[N+]=[N-],-0.4891940579340035,C1CCCC1
290,O=C(NCC(F)(F)F)CN=[N+]=[N-],-0.531846328887978,
291,CC(C)(C)OC(NC(CN=[N+]=[N-])C)=O,-1.330067693333822,
292,CC(C)(C)OC(NCC(C)N=[N+]=[N-])=O,-0.5712070372986969,
293,[N-]=[N+]=NC1CCSCC1,0.2894312197775932,C1CCSCC1
294,O[C@H]1C[C@@H](CN=[N+]=[N-])C1,-1.241183597297208,C1CCC1
295,OCC1(N=[N+]=[N-])CCCCC1,1.041952944608664,C1CCCCC1
296,FC1(F)CCC(CCN=[N+]=[N-])CC1,0.7709943141475263,C1CCCCC1
297,OCCCCCCCCN=[N+]=[N-],-2.314819914888415,
298,NC(C(C)N=[N+]=[N-])=O,0.5739486933491053,
299,OC(COCCOCCN=[N+]=[N-])=O,0.9531456707742164,
300,OCC1(COC1)N=[N+]=[N-],0.975193767593311,C1COC1
301,OC(C[C@H](N=[N+]=[N-])C(C)C)=O,0.7999160507237725,
302,O=C(CN=[N+]=[N-])N1CCCC1,0.0885568827575961,C1CCNC1
303,CCNC(CN=[N+]=[N-])=O,0.339669796097832,
304,OC([C@@H]1C[C@H](N=[N+]=[N-])CC1)=O,0.8304102235267344,C1CCCC1
305,OCCOCCOCCN=[N+]=[N-],-0.1379302353113597,
306,CCC(O)CN=[N+]=[N-],-0.2263059132356222,
307,N#CCCN=[N+]=[N-],0.426279109900312,
308,[N-]=[N+]=NCC1CCOCC1,0.4296241971907141,C1CCOCC1
309,OC(C)CCN=[N+]=[N-],-0.2789224534350794,
310,C[C@H](CCN=[N+]=[N-])CO,-0.6127252287501775,
311,O=C([C@@H](C)N=[N+]=[N-])N,0.6413757229671538,
312,CCC[C@H](N=[N+]=[N-])C(OCC)=O,1.061713651655375,
313,FC(F)(F)C(O)CN=[N+]=[N-],-0.1620709072680393,
314,[N-]=[N+]=NCCC1OCCO1,-0.1816176749310328,C1COCO1
315,OC([C@@H](C1)C[C@H]1N=[N+]=[N-])=O,0.5686567488569102,C1CCC1
316,CC(C)(C)OC[C@@H](N=[N+]=[N-])C(OC)=O,0.669124355071461,
317,O[C@H]1[C@@H](N=[N+]=[N-])CCCC1,0.0797132371041471,C1CCCCC1
318,CC(NCCCCCN=[N+]=[N-])=O,-1.687741574509836,
319,CCC(N=[N+]=[N-])C(OCC)=O,0.932447222766316,
320,O=C([C@@H](C(C)C)N=[N+]=[N-])N,-0.069500933614209,
321,NC([C@@H](N=[N+]=[N-])CC(C)C)=O,-0.6266905618813635,
322,CCCNCCCN=[N+]=[N-],-0.7854448419673797,
323,CC(C)(C)OC(CCN=[N+]=[N-])=O,0.8871432751825646,
324,OC([C@H]1CC[C@H](N=[N+]=[N-])CC1)=O,0.5250292283457835,C1CCCCC1
325,C[C@H](CN=[N+]=[N-])O,0.0420824109856542,
326,COC(C1(CC1)N=[N+]=[N-])=O,0.4305581125400742,C1CC1
327,[N-]=[N+]=NCC1CCCOC1,0.1910708342406876,C1CCOCC1
328,CC(C)C[C@H](N=[N+]=[N-])CO,-0.2641795709793845,
329,CCCCC(N=[N+]=[N-])C(OC)=O,0.6800674935628018,
330,O=C(OC)[C@H](CNC(OC(C)(C)C)=O)N=[N+]=[N-],-1.031148534353339,
331,CC(CCN=[N+]=[N-])CO,-0.9447549179042856,
332,OCCCN=[N+]=[N-],-0.2450766114988114,
333,O=C(OC)[C@H](N=[N+]=[N-])CC1CCCCC1,1.028864478084883,C1CCCCC1
334,O=C1[C@H](CCCCN1)N=[N+]=[N-],0.3715899806178414,O=C1CCCCCN1
335,OC[C@H](N=[N+]=[N-])C(N)=O,0.79111079104059,
336,O=C([C@@H](C1CCCCC1)N=[N+]=[N-])OC,1.097516309181601,C1CCCCC1
337,ClC[C@@H](O)CN=[N+]=[N-],-0.3273406372767001,
338,C[C@@H](N=[N+]=[N-])CC(O)=O,0.5846762961965661,
339,O=C([C@@H](CC)N=[N+]=[N-])N,0.1839018076604281,
340,OC(C)(C)CCCC(C)N=[N+]=[N-],-0.50001119154867,
341,CC(N=[N+]=[N-])C,0.6717209194952873,
342,O=C(CCCN=[N+]=[N-])OC(C)(C)C,0.6301644417713187,
343,O=C(C[C@@H](C(OC(C)(C)C)=O)N=[N+]=[N-])N,0.0963027454199855,
344,NC([C@H]([C@H](CC)C)N=[N+]=[N-])=O,-0.3228442988610426,
345,O[C@H](CO)CN=[N+]=[N-],0.3653259583578745,
346,CSCCN=[N+]=[N-],0.226836444260645,
347,OC[C@@H](CC)N=[N+]=[N-],0.3553058729824236,
348,O[C@H]1[C@H](N=[N+]=[N-])CCC1,0.1834656863794435,C1CCCC1
349,[N-]=[N+]=NCCN1CCOCC1,0.3815870375910259,C1COCCN1
350,CN1C(CCN=[N+]=[N-])CCC1,0.4642717045633942,C1CCNC1
351,OCC(N=[N+]=[N-])C(C)C,0.2829714692837216,
352,[N-]=[N+]=NC1CCOC1,0.9023237953762122,C1CCOC1
353,COC(OC)CN=[N+]=[N-],0.6839453408415133,
354,CCC(N=[N+]=[N-])CO,-0.1719810541078311,
355,CCOC(CCCN=[N+]=[N-])=O,-0.1405265928561235,
356,OC1CCC(N=[N+]=[N-])CC1,-0.2121557020088634,C1CCCCC1
357,OCCCCN=[N+]=[N-],-1.214852101682899,
358,CC(C)(C)OC(NCCN=[N+]=[N-])=O,-1.108891172907511,
359,COCCCN(CC1)CCC1N=[N+]=[N-],0.2622661307295191,C1CCNCC1
360,CC(O)(C)[C@H]1CC[C@H](N=[N+]=[N-])CC1,-1.081325485213787,C1CCCCC1
361,CCCCC(CC)COCCCN=[N+]=[N-],0.8821376230815562,
362,O[C@H](CO)[C@H]([C@@H]([C@H](CN=[N+]=[N-])O)O)O,0.1436308893637322,
363,CSCC[C@H](N=[N+]=[N-])C(OC)=O,-0.6475257672170838,
364,OCCN=[N+]=[N-],-0.48703718333568,
365,OCCNCCCN=[N+]=[N-],-1.697379310607707,
366,OCC(CO)(N=[N+]=[N-])CO,0.8580771031800548,
367,O[C@H]1[C@H](O)[C@@H](CO)OC(O)[C@H]1N=[N+]=[N-],0.8046389070132401,C1CCOCC1
368,OC[C@H](N=[N+]=[N-])C(C)C,-0.0981457921188276,
369,C[C@@H](O)[C@H](N=[N+]=[N-])C(N)=O,0.2940727884193289,
370,CC(C)[C@H](N=[N+]=[N-])C(N)=O,-0.5486933702053864,
371,[N-]=[N+]=NCC1CCNCC1,-2.317794325185564,C1CCNCC1
372,CC(CCO)(C)N=[N+]=[N-],0.8730538103846838,
373,O=C(O)C(CS)N=[N+]=[N-],0.6221902922658059,
374,OCC(O)CN=[N+]=[N-],-0.4775265736295717,
375,CCSCCN=[N+]=[N-],0.416647325675699,
376,CC1(C)NC(C)(C)CC(N=[N+]=[N-])C1,-0.7025972480326738,C1CCNCC1
377,CCOC(CCCCN=[N+]=[N-])=O,-0.639471484151277,
378,CC[C@H](N=[N+]=[N-])C(N)=O,-0.2908148932048438,
379,NC(C(C)(C)CN=[N+]=[N-])=O,-0.5879126948333289,
380,O=C(OCC)C1(CC1)N=[N+]=[N-],0.2261826723104103,C1CC1
381,O=C(C[C@@H](C(O)=O)N=[N+]=[N-])OC,0.6313059256968416,
382,O[C@@H]1CC[C@@H](N=[N+]=[N-])CC1,-0.7722592576603491,C1CCCCC1
383,CC(N=[N+]=[N-])CCO,-0.3307396878707995,
384,CS(N(CC1)CCC1N=[N+]=[N-])(=O)=O,-0.7017221046253245,C1CCNCC1
385,CNC(CN=[N+]=[N-])=O,-0.2858477047799603,
386,NC(CN=[N+]=[N-])=O,-0.2335612383438416,
387,O=C(N(C)C)CN=[N+]=[N-],-0.0751123323120526,
388,CC(NCCN=[N+]=[N-])=O,-0.7087242390650788,
389,CCOC(N(CC1)CCC1N=[N+]=[N-])=O,-0.537322714430665,C1CCNCC1
390,COC1=CC=CC(CN=[N+]=[N-])=C1OC,-1.310032980534265,c1ccccc1
391,[N-]=[N+]=NC1CCC2=C1C=CC=C2,0.7363411561137627,c1ccc2c(c1)CCC2
392,[N-]=[N+]=NC1COCCC1,0.3786437640835791,C1CCOCC1
393,CC([C@@H](C(OC)=O)N=[N+]=[N-])(C)C,0.8025474834528993,
394,CCOC(OCC)CN=[N+]=[N-],0.2410610390766735,
395,O=C(OC(C)(C)C)N(CC1)C[C@H]1N=[N+]=[N-],-0.6779420408471052,C1CCNC1
396,OCC(C)N=[N+]=[N-],0.0783551087287248,
397,OC[C@H](O)CN=[N+]=[N-],-0.2157103489056539,
398,CCCCN=[N+]=[N-],1.033885047572699,
399,OC(CC(C)CCN=[N+]=[N-])=O,0.3740976428102252,
400,CC(NCCCCN=[N+]=[N-])=O,-1.267015223043006,
401,CN(C)CCN=[N+]=[N-],0.3043599257563012,
402,CCCN=[N+]=[N-],0.8324764129142176,
403,O=C(NC1=CC=C(C=C1)[N+]([O-])=O)[C@H](CC(C)C)N=[N+]=[N-],-1.595645343126824,c1ccccc1
404,CN1CCC(N=[N+]=[N-])CC1,0.3230909244521213,C1CCNCC1
405,CC(N=[N+]=[N-])C1(C2)C[C@@H]3C[C@H]2C[C@H](C1)C3,0.8605501704928514,C1C2CC3CC1CC(C2)C3
406,COC(CCCCCCN=[N+]=[N-])=O,-0.3763190313138408,
407,O=S1(CCC(N=[N+]=[N-])C1)=O,0.3718700506151471,O=S1(=O)CCCC1
408,CN(CCCN=[N+]=[N-])C(OC(C)(C)C)=O,-1.124695422080471,
409,CCOC(CCN=[N+]=[N-])=O,0.0427602765577666,
410,COC(CCCN=[N+]=[N-])=O,-0.2636237155879014,
411,CC(C)(O)CN=[N+]=[N-],0.1152492235054382,
412,FC(F)(C1=CN=C(CN=[N+]=[N-])C(Cl)=C1)F,-1.31145609580747,c1ccncc1
413,CC(C)(C)OC(N1CCC(CN=[N+]=[N-])CC1)=O,-1.469093364001843,C1CCNCC1
414,FC1(F)CCC(N=[N+]=[N-])CC1,0.6521307779041351,C1CCCCC1
415,ClCCCN=[N+]=[N-],0.5575570008785414,
416,CC(C)(OC(CN=[N+]=[N-])=O)C,0.2997396771454661,
417,OCC(C)(C)CN=[N+]=[N-],-0.5031022583501326,
418,CCNCCCN=[N+]=[N-],-1.003397910596625,
419,[N-]=[N+]=NC1CCOCC1,0.5106432039829822,C1CCOCC1
420,CC(CO)(CO)N=[N+]=[N-],0.8778612630152967,
421,[N-]=[N+]=NCCCCN1CCCC1,-2.060307812677769,C1CCNC1
422,OCCOCCOCCOCCN=[N+]=[N-],-0.0890628853608627,
423,O=C(OCC)C1(N=[N+]=[N-])CCCCC1,0.8876357963568083,C1CCCCC1
424,OC1(CCC1)CN=[N+]=[N-],-0.7390426468495692,C1CCC1
425,CC(C)(OC(N(C1)CC1(N=[N+]=[N-])C)=O)C,0.4650646285509171,C1CNC1
426,COC(C[C@@H](C)N=[N+]=[N-])=O,0.4845122802853199,
427,NC(NCC(C)(N=[N+]=[N-])C)=O,0.742183618731876,
428,CC(C)(C)[C@@H](N=[N+]=[N-])C(O)=O,0.4803331500860599,
429,[N-]=[N+]=NCC1OCCO1,0.0289354061550158,C1COCO1
430,[N-]=[N+]=N[C@H]1CCOC1,0.6354037319767526,C1CCOC1
431,O=S(N1CCC(N=[N+]=[N-])C1)(C)=O,-0.2226443315129168,C1CCNC1
432,O=C(CN=[N+]=[N-])N1CCOCC1,-0.2576694620162593,C1COCCN1
433,O=C(O)CC(CC)N=[N+]=[N-],0.5777302147355154,
434,O=C(N)[C@H](C(C)(C)C)N=[N+]=[N-],0.0308593540261888,
435,O=C(C(C)(CN=[N+]=[N-])C)OCC,0.7796081351206532,
436,COC(OC)C(N=[N+]=[N-])C,0.4768179717583996,
437,[N-]=[N+]=NCCC1=CCCCC1,0.6555363301299542,C1=CCCCC1
438,CC(C)(C)C(CO)N=[N+]=[N-],0.4289071597722883,
439,CNCCCN=[N+]=[N-],-1.212421449536227,
440,CCCCN(CCCC)CCCN=[N+]=[N-],0.0790121275489496,
441,[N-]=[N+]=NC1CNCC1,-0.0178939432089845,C1CCNC1
442,CCOCCCN=[N+]=[N-],1.101809227229559,
443,[N-]=[N+]=NCCCN1CCOCC1,0.1177213013051009,C1COCCN1
444,[N-]=[N+]=NCCCN1CCCC1,-0.3110302299379672,C1CCNC1
445,CCCCOC([C@]1(N=[N+]=[N-])CCOC1)=O,0.967486000713246,C1CCOC1
446,O=C(OC)[C@@H](N=[N+]=[N-])C1CCCCC1,1.053935950104682,C1CCCCC1
447,OC[C@@H](N=[N+]=[N-])C(OC)=O,0.681315721102495,
448,O=C1[C@H](N=[N+]=[N-])CCO1,0.9820453821674756,O=C1CCCO1
449,O=C(OC)C1CCC(CN=[N+]=[N-])CC1,-0.9144351293184136,C1CCCCC1
450,O=C1[C@@H](N=[N+]=[N-])CCO1,1.01350005264521,O=C1CCCO1
451,COC([C@@H](CC1)CC[C@H]1CN=[N+]=[N-])=O,-0.9227694029601008,C1CCCCC1
452,CSCC[C@@H](N=[N+]=[N-])C(OC)=O,-0.0769951406582254,
453,C[C@H](O)[C@@H](N=[N+]=[N-])C(OC)=O,0.642048033501582,
454,O=C(OC)[C@@H](N=[N+]=[N-])CC1CCCCC1,0.8445685792097676,C1CCCCC1
455,O=C(OC)[C@H]1CC[C@@H](N=[N+]=[N-])CC1,0.9174787409306148,C1CCCCC1
456,CCOC(CN=[N+]=[N-])=O,0.4347825580943929,
457,COC([C@@H](C)N=[N+]=[N-])=O,0.6351245750412734,
458,O=C1C(N=[N+]=[N-])CCO1,0.8519308646755857,O=C1CCCO1
459,COC(C(N=[N+]=[N-])C(C)C)=O,0.7642347492144592,
460,O=C([C@H](CO)N=[N+]=[N-])OC,0.3928675115494996,
461,O=C(CC[C@H](C(OC)=O)N=[N+]=[N-])OC,-0.7499870300776567,
462,COC(CCC(N=[N+]=[N-])C(OC)=O)=O,-1.014156623232622,
463,CCOC([C@H](C)N=[N+]=[N-])=O,0.7291747342743664,
464,COC(C1(CCCC1)N=[N+]=[N-])=O,1.116356743839614,C1CCCC1
465,CC(C)[C@H](N=[N+]=[N-])C(OC(C)(C)C)=O,0.9782376818191671,
466,O=C([C@H](N=[N+]=[N-])C(C)C)OC,0.9787546332039532,
467,C[C@@H](C(OC)=O)N=[N+]=[N-],1.098334702817111,
468,CCOC([C@H](N=[N+]=[N-])CO)=O,-0.0838998307407376,
469,O=C(N1)C(N=[N+]=[N-])CCC1=O,0.6283198957400551,O=C1CCCC(=O)N1
470,OC[C@H](C(C)C)N=[N+]=[N-],-0.1713338860738374,
471,O=C(OC)CN=[N+]=[N-],0.4376192321201854,
472,C[C@@H](CC)[C@H](N=[N+]=[N-])C(OC)=O,0.8213002010919129,
473,COC(C(CO)N=[N+]=[N-])=O,0.289507196858182,
474,COC(C(C)(C)N=[N+]=[N-])=O,0.3382213878682298,
475,C[C@H](N=[N+]=[N-])C(OC(C)C)=O,0.9359573202987782,
476,C[C@@H](O)[C@H](N=[N+]=[N-])C(OC)=O,0.2259034388515817,
477,CCOC([C@H](CO)N=[N+]=[N-])=O,-0.0129611479954194,
478,O=C(C1(CCCCC1)N=[N+]=[N-])OC,1.277859867379544,C1CCCCC1
479,O=C(OC)[C@H]1C[C@H](N=[N+]=[N-])C1,0.3104795431276294,C1CCC1
480,O=C(OCC)C1(N=[N+]=[N-])CCC1,0.7880722356789557,C1CCC1
481,COC(C(C)N=[N+]=[N-])=O,0.5543921045545908,
482,CC(C)C(C=C1)=CC2=C1[C@]3(C)[C@](CC2)([H])[C@@](CN=[N+]=[N-])(C)CCC3,-0.9153554969578,c1ccc2c(c1)CC[C@H]1CCCCC21
483,O[C@H](C)[C@H](C(OC)=O)N=[N+]=[N-],0.4504657392859712,
484,NC([C@H]([C@@H](C)O)N=[N+]=[N-])=O,0.589360332436679,
485,[N-]=[N+]=NCC(C1)OCCN1CC2=CC=CC=C2,-1.542756275743099,c1ccc(CN2CCOCC2)cc1
486,OC(C=C1)=CC=C1C[C@@H](CO)N=[N+]=[N-],-2.589361036584695,c1ccccc1
487,OC1=C(O)C=C(CCN=[N+]=[N-])C=C1,-3.119204200623779,c1ccccc1
488,COC1=C(N=[N+]=[N-])C=CC(N2CCN(C)CC2)=C1,-1.471270342100992,c1ccc(N2CCNCC2)cc1
489,[N-]=[N+]=NC1=CC2=C(C=C1)OCC2,0.3251299300236951,c1ccc2c(c1)CCO2
490,O=C(CO1)NC2=C1C=CC(N=[N+]=[N-])=C2,-1.788927035958633,O=C1COc2ccccc2N1
491,O=C(N1C[C@@H](CCC1)N=[N+]=[N-])OCC2=CC=CC=C2,-1.642609462767766,O=C(OCc1ccccc1)N1CCCCC1
492,CC1=C(O)C=CC(N=[N+]=[N-])=C1,-0.2815016167680436,c1ccccc1
493,[N-]=[N+]=NC1CCN(CC2=CC=CC=C2)CC1,-0.7963036688075276,c1ccc(CN2CCCCC2)cc1
494,FC1=NC=C(CN=[N+]=[N-])C=C1,-0.9142312437094534,c1ccncc1
495,FC1=C(CN=[N+]=[N-])C(F)=C(F)C=C1,0.0951860823429004,c1ccccc1
496,CC1=CC=CC=C1CCN=[N+]=[N-],0.5922821200731948,c1ccccc1
497,CC1=CC=C(CN=[N+]=[N-])C=N1,-1.970622407400328,c1ccncc1
498,CC1=CN=C(CN=[N+]=[N-])N=C1,-1.164717449132103,c1cncnc1
499,ClC1=CC=C(CN=[N+]=[N-])C=C1F,0.4597430948995203,c1ccccc1
500,CC1=CC(C(N)=O)=CC=C1N=[N+]=[N-],0.489609216606927,c1ccccc1
501,COC1=C(F)C=C(CN=[N+]=[N-])C=C1,-1.009324743518277,c1ccccc1
502,CC1=CC(F)=CC=C1CN=[N+]=[N-],0.4813437709486379,c1ccccc1
503,C[C@H]([C@@H](C(OC(C)(C)C)=O)N=[N+]=[N-])O,0.0746481664770287,
504,CC1=CC=C(CN=[N+]=[N-])C=C1F,0.5238688669396449,c1ccccc1
505,CC(C)(CO)N=[N+]=[N-],0.9930656513992546,
506,CC1=CC(C)=CC(CN=[N+]=[N-])=C1,-0.0757385009413165,c1ccccc1
507,FC1=CC(CN=[N+]=[N-])=CC(F)=C1,0.9968353496250608,c1ccccc1
508,FC1=C(CN=[N+]=[N-])C=CC=C1Cl,0.3550232374295301,c1ccccc1
509,FC1=CC(F)=CC=C1CN=[N+]=[N-],1.044271793674223,c1ccccc1
510,O[C@@H](CN=[N+]=[N-])C1=CC=CC=C1,-2.11197854635026,c1ccccc1
511,FC(F)(C(C=CC=C1CN=[N+]=[N-])=C1C)F,1.016853305386752,c1ccccc1
512,COC1=C(F)C=CC(CN=[N+]=[N-])=C1,-0.8981546495528167,c1ccccc1
513,FC1=CC=C(Cl)C=C1CN=[N+]=[N-],0.5638502245844877,c1ccccc1
514,OC(C=CC(CN=[N+]=[N-])=C1)=C1O,-0.4868329135026316,c1ccccc1
515,OC1=CC=C([C@H](N=[N+]=[N-])C(OC)=O)C=C1,0.8934649585132671,c1ccccc1
516,FC1=CC(F)=CC=C1CCN=[N+]=[N-],0.6561418643902565,c1ccccc1
517,[N-]=[N+]=NCC1=CC2=C(OCO2)C=C1,-0.984876215039896,c1ccc2c(c1)OCO2
518,CC[C@H](N=[N+]=[N-])C1=CC=CC=C1,0.822014901577187,c1ccccc1
519,[N-]=[N+]=NC(C1=CC=CC=C1)CC2=CC=CC=C2,0.0646310840061409,c1ccc(CCc2ccccc2)cc1
520,NC(C1=C(N=[N+]=[N-])C=CC(Cl)=C1)=O,1.125238460981309,c1ccccc1
521,ClC1=CC=CC(CN=[N+]=[N-])=C1,0.8897643754445246,c1ccccc1
522,FC(F)OC1=CC=CC=C1CN=[N+]=[N-],0.5046917819970886,c1ccccc1
523,FC1=CC(CN=[N+]=[N-])=CC(Cl)=C1,-0.0426315867299509,c1ccccc1
524,ClC1=CC(CN=[N+]=[N-])=CC=C1Cl,0.1505181107418509,c1ccccc1
525,OCC(C1=CC=CC=C1)N=[N+]=[N-],-1.035574373647685,c1ccccc1
526,NC(C(C=C1)=CC=C1N=[N+]=[N-])=O,0.0560414338779918,c1ccccc1
527,ClC1=C(Cl)C=CC=C1CN=[N+]=[N-],0.8766701287139369,c1ccccc1
528,FC1=CC(CN=[N+]=[N-])=CC=C1F,0.8172903868790329,c1ccccc1
529,FC1=CC=CC=C1CN=[N+]=[N-],1.086345935737901,c1ccccc1
530,ClC1=CC=CC(F)=C1CN=[N+]=[N-],0.6534947453732383,c1ccccc1
531,FC(F)(OC(C=C1)=CC=C1CN=[N+]=[N-])F,1.182573657511622,c1ccccc1
532,OC1=CC=C([C@H](C(OC)=O)N=[N+]=[N-])C=C1,0.4593861417810341,c1ccccc1
533,O=C(N1CCCC[C@@H]1CN=[N+]=[N-])OC(C)(C)C,-0.9666683382423588,C1CCNCC1
534,ClC1=CC(CN=[N+]=[N-])=CC(Cl)=C1,0.5296011502162489,c1ccccc1
535,C=CCN=[N+]=[N-],1.277413798209559,
536,[N-]=[N+]=NC1CC1,1.186828290465179,C1CC1
537,COCCN=[N+]=[N-],1.073111827990288,
538,CC1(N=[N+]=[N-])CCOCC1,1.194961268451774,C1CCOCC1
539,CC1(CC1)N=[N+]=[N-],1.320386841030885,C1CC1
540,[N-]=[N+]=NCC1CCCC1,1.295815068310515,C1CCCC1
541,CN1CCC(CN=[N+]=[N-])CC1,-0.2444302748777212,C1CCNCC1
542,CC(C)(C)OC([C@@H](N=[N+]=[N-])C)=O,0.8470941425778143,
543,N#CC1(CC1)N=[N+]=[N-],0.4333305145752164,C1CC1
544,CC(CN=[N+]=[N-])=C,1.238142214665732,
545,CC1CCC(N=[N+]=[N-])CC1,1.218509486201939,C1CCCCC1
546,FC(F)(F)CCN=[N+]=[N-],1.305221618341732,
547,CC(C)(C)N=[N+]=[N-],1.280773987900969,
548,O[C@@H]1CC[C@@H](N=[N+]=[N-])C1,0.2462683591005926,C1CCCC1
549,CC1(N=[N+]=[N-])COC1,1.137540387619541,C1COC1
550,OC1CS(CC1N=[N+]=[N-])(=O)=O,0.6961618509172632,O=S1(=O)CCCC1
551,CN(C)CCCCCN=[N+]=[N-],-1.599273715873786,
552,CCN(CC)CCCCN=[N+]=[N-],-0.3859116628880009,
553,O=C(N1C[C@@]([C@@H]2N=[N+]=[N-])([H])[C@@]2([H])C1)OC(C)(C)C,-1.719007612186181,C1NC[C@H]2C[C@@H]12
554,C[C@H](N=[N+]=[N-])CC(O)=O,0.8175358798846997,
555,CC(OC(CN=[N+]=[N-])=O)C,0.2599902553231557,
556,CN(CC1)CCC1CCN=[N+]=[N-],-1.332169391060745,C1CCNCC1
557,NC(C1(N=[N+]=[N-])CC1)=O,-1.86577229074414,C1CC1
558,O=C(C[C@H]1CC[C@@H](CC1)N=[N+]=[N-])O,0.4996954059768689,C1CCCCC1
559,CC(F)(F)CN=[N+]=[N-],0.9517057647356058,
560,C=CCCN=[N+]=[N-],1.223801260072626,
561,OC1(CCN=[N+]=[N-])CCCCC1,-1.471702627249809,C1CCCCC1
562,COC[C@H](N=[N+]=[N-])C(O)=O,1.077381593512982,
563,CC(C)[C@H](C(OC(C)(C)C)=O)N=[N+]=[N-],1.023020169860977,
564,CCN(CC)C1CCC(N=[N+]=[N-])CC1,0.2589762039665842,C1CCCCC1
565,FC1(CC(CCC1)N=[N+]=[N-])F,0.8436301797345437,C1CCCCC1
566,CC1N(CCCN=[N+]=[N-])CCCC1,-0.970671377880636,C1CCNCC1
567,CC(C)N1CCC(CN=[N+]=[N-])CC1,-0.9705345177540204,C1CCNCC1
568,OC1CCCC(CN=[N+]=[N-])C1,-1.539070823458253,C1CCCCC1
569,CN(CCN1CCC(CC1)N=[N+]=[N-])C,-0.1625422447944659,C1CCNCC1
570,CN1CCC(N(C)C)(CN=[N+]=[N-])CC1,0.183713133817802,C1CCNCC1
571,O=C(OC1)C[C@@H]1N=[N+]=[N-],0.7759762999642349,O=C1CCCO1
572,C[C@@H](N=[N+]=[N-])CCO,-0.108133275666897,
573,CN1CCN(CCCN=[N+]=[N-])CC1,-0.9864438179962624,C1CNCCN1
574,CCOC(C1(N=[N+]=[N-])CCCC1)=O,1.114808222919081,C1CCCC1
575,CC1(C)[C@H]2[C@H](C)[C@H](N=[N+]=[N-])C[C@@H]1C2,1.004204805333404,C1C[C@H]2C[C@@H](C1)C2
576,CC1(CN=[N+]=[N-])COCC1,0.5381550019736699,C1CCOC1
577,CN(C)[C@H]1[C@H](N=[N+]=[N-])CCCC1,0.582338819767846,C1CCCCC1
578,O=C([C@@H]1CC[C@@H](CC1)N=[N+]=[N-])O,0.8175659166906415,C1CCCCC1
579,CCN1[C@H](CN=[N+]=[N-])CCC1,0.0724634392118515,C1CCNC1
580,COCCCN=[N+]=[N-],0.8558984577479618,
581,CCNCCN=[N+]=[N-],0.4380784104465943,
582,O=C(O)[C@@H]([C@H](CC)C)N=[N+]=[N-],1.134547305663919,
583,CC(C)(OC(N1C(CN=[N+]=[N-])CC1)=O)C,-1.598349357808724,C1CNC1
584,C[C@@H](N=[N+]=[N-])COC,1.096647057058092,
585,CC(C)C(C#N)(N=[N+]=[N-])C,1.180929304761029,
586,[N-]=[N+]=NC1CCCCCC1,1.123983064703013,C1CCCCCC1
587,[N-]=[N+]=NC12C[C@@H]3C[C@H](C2)C[C@H](C1)C3,1.091517327554081,C1C2CC3CC1CC(C2)C3
588,CN1CC(CN=[N+]=[N-])CCC1,-0.2761751539577725,C1CCNCC1
589,CC(C)NCCN=[N+]=[N-],0.3982376955139117,
590,CCN1C(CN=[N+]=[N-])CCC1,0.0556670045004871,C1CCNC1
591,[N-]=[N+]=NCCN1CCCC1,-1.252192489777512,C1CCNC1
592,COC(C=C1C(OC)=O)=CC=C1N=[N+]=[N-],-0.6758025278296065,c1ccccc1
593,[N-]=[N+]=NCC1=CC(OCCO2)=C2C=C1,-1.441517643062678,c1ccc2c(c1)OCCO2
594,[N-]=[N+]=NC1=CC=C2C(N=CC=N2)=C1,-0.1890300621218423,c1ccc2nccnc2c1
595,O=C(NC)C1=CC=C(N=[N+]=[N-])C=C1,0.070765490929981,c1ccccc1
596,O=C1OC[C@@H](CC(C=C2)=CC=C2N=[N+]=[N-])N1,-1.050610968182771,O=C1N[C@H](Cc2ccccc2)CO1
597,FC1=CC(C(N)=O)=C(N=[N+]=[N-])C=C1,0.4134842444626513,c1ccccc1
598,NC(C(C=C1)=CC(N=[N+]=[N-])=C1C)=O,-0.2373133838521654,c1ccccc1
599,NC(C1=C(N=[N+]=[N-])C=CC=C1)=O,0.5752480364503432,c1ccccc1
600,COC(C(C)(CN=[N+]=[N-])C)=O,0.5294672430530578,
601,O=C(N1C[C@@]([C@H]2N=[N+]=[N-])([H])[C@@]2([H])C1)OC(C)(C)C,-1.524495800693551,C1NC[C@H]2C[C@@H]12
602,ClC1=CC=C(C(C)N=[N+]=[N-])S1,0.9736472127925092,c1ccsc1
603,OC(CN=[N+]=[N-])CN=[N+]=[N-],-1.230954712659477,
604,[N-]=[N+]=N[C@@H](CCC1)[C@H]1N=[N+]=[N-],0.8487328711210868,C1CCCC1
605,[N-]=[N+]=N[C@@H]1[C@H](N=[N+]=[N-])COC1,-0.3485807960149,C1CCOC1
606,[N-]=[N+]=NCCSCCN=[N+]=[N-],-1.45978918766636,
607,[N-]=[N+]=NCC1=CC=CC=C1CN=[N+]=[N-],-0.968880414166845,c1ccccc1
608,OC([C@H](N=[N+]=[N-])CCN=[N+]=[N-])=O,0.470355298885941,
609,[N-]=[N+]=NCCCCCCCCN=[N+]=[N-],-0.0550539462204548,
610,[N-]=[N+]=NCCOCCOCCN=[N+]=[N-],-1.247283532695973,
611,[N-]=[N+]=NCC1=CC=C(N=[N+]=[N-])C=C1,-0.0464798161280032,c1ccccc1
612,[N-]=[N+]=NCC1=CC=CC(CN=[N+]=[N-])=C1,-1.579021710288464,c1ccccc1
613,[N-]=[N+]=NCC1CCCC(CN=[N+]=[N-])C1,-0.1938133025223995,C1CCCCC1
614,[N-]=[N+]=NCCCCCN=[N+]=[N-],0.582996597092046,
615,[N-]=[N+]=NCCCOCCOCCCN=[N+]=[N-],-1.544200568637549,
616,[N-]=[N+]=NCCN=[N+]=[N-],0.3833737285894023,
617,[N-]=[N+]=NCC1=CC=C(CN=[N+]=[N-])C=C1,-1.478683996746342,c1ccccc1
618,O=C(O)[C@@H](N=[N+]=[N-])CCN=[N+]=[N-],0.4909029308946486,
619,[N-]=[N+]=N[C@H]1CCCC[C@@H]1N=[N+]=[N-],0.8275678837090287,C1CCCCC1
620,[N-]=[N+]=NC(C=CC=C1)=C1OCCOC2=C(N=[N+]=[N-])C=CC=C2,-1.623297741848395,c1ccc(OCCOc2ccccc2)cc1
621,[N-]=[N+]=N[C@@H]1[C@H](N=[N+]=[N-])CCCC1,0.5223892315923022,C1CCCCC1
622,CN(CCCN=[N+]=[N-])CCCN=[N+]=[N-],-0.4491469862071939,
623,CC(CN=[N+]=[N-])(C)CN=[N+]=[N-],1.006351128060152,
624,[N-]=[N+]=NCC1=CC(N=[N+]=[N-])=CC=C1,-1.268371262773592,c1ccccc1
625,[N-]=[N+]=NCC1CCC(CN=[N+]=[N-])CC1,-0.6581330027343437,C1CCCCC1
626,CCC(N=[N+]=[N-])CCN=[N+]=[N-],0.794791013935025,
627,[N-]=[N+]=NCCC1=NC2=CC=CC=C2N1,-2.671044758542962,c1ccc2[nH]cnc2c1
628,O=C(C(C)(C)N=[N+]=[N-])OCC1=CC=CC=C1,1.005740170035852,c1ccccc1
629,[N-]=[N+]=N[C@H]1CCCC[C@@H]1OCC2=CC=CC=C2,-0.2615324696441473,c1ccc(COC2CCCCC2)cc1
630,O[C@@H]1[C@@H](CO)OC(O)[C@H](N=[N+]=[N-])[C@H]1O,1.018951882822809,C1CCOCC1
631,FC(F)(F)C1=CC(CN=[N+]=[N-])=CC(C(F)(F)F)=C1,1.101623720152209,c1ccccc1
632,[N-]=[N+]=NCCNC1=CC=CC2=CC=CC=C21,-2.798982821802749,c1ccc2ccccc2c1
633,ClC1=CC=CC(Cl)=C1CCN=[N+]=[N-],0.6513184827341585,c1ccccc1
634,ClC1=CC(CN=[N+]=[N-])=C(Cl)C=C1,0.7343354038185976,c1ccccc1
635,COC1=C(Cl)C=C(CN=[N+]=[N-])C=C1,-1.236767608478041,c1ccccc1
636,ClC1=C(CN=[N+]=[N-])C=CC(Cl)=C1,1.124318787408292,c1ccccc1
637,OC1CCCC2=C1C=C(N=[N+]=[N-])C=C2,-1.059102449089566,c1ccc2c(c1)CCCC2
638,ClCC(C)CN=[N+]=[N-],1.033214580845217,
639,C[C@]1(O)CC[C@@H](N=[N+]=[N-])CC1,-0.2134167357275203,C1CCCCC1
640,COC(C1=CSC(CN=[N+]=[N-])=N1)=O,-2.114667701610812,c1cscn1
641,N#CC1=CC=CC(CN=[N+]=[N-])=C1,-1.423667569449832,c1ccccc1
642,N#CC1(CCC1)N=[N+]=[N-],0.7304673456639867,C1CCC1
643,CC1=CC=CN2C1=NN=C2CN=[N+]=[N-],-1.468799801657235,c1ccn2cnnc2c1
644,CC1=CC(N2C=C1)=NN=C2CN=[N+]=[N-],-1.46297025090691,c1ccn2cnnc2c1
645,FC(F)(F)C1=CC=CN=C1CN=[N+]=[N-],1.106501380917765,c1ccncc1
646,CC1(COC1)CN=[N+]=[N-],0.2675827532738079,C1COC1
647,CC1=CC(C)=CC(OCC(C)N=[N+]=[N-])=C1,0.7368222931765019,c1ccccc1
648,CN1C(CN=[N+]=[N-])=NC2=C1C=CC=C2,-1.779373371316383,c1ccc2[nH]cnc2c1
649,CS(C1=CN=C(CN=[N+]=[N-])C=C1)(=O)=O,-1.356745858453863,c1ccncc1
650,CC(N=CS1)=C1CN=[N+]=[N-],-1.199574941623706,c1cscn1
651,FC(F)C1=C(CN=[N+]=[N-])C=CC=C1,0.9231213428818188,c1ccccc1
652,FC1=C(CN=[N+]=[N-])N=CC=C1,-0.5982629726840216,c1ccncc1
653,[N-]=[N+]=NC1(C2)CC2C1,0.7272248283978779,C1C2CC1C2
654,CN(CCCCN=[N+]=[N-])C,-0.6971816005102243,
655,FC(F)OC1=CC=CC(CN=[N+]=[N-])=C1,0.2047562118659679,c1ccccc1
656,CNC(CCN=[N+]=[N-])=O,-0.2211930670247376,
657,CC(N=[N+]=[N-])C(N(CC)CC)=O,-0.1616605280880694,
658,CC(CN=[N+]=[N-])(C)C1=CC=CC=C1,0.7729290304631237,c1ccccc1
659,[N-]=[N+]=NC/C=C/C1=CC=CC=C1,0.5730133114281084,c1ccccc1
660,CS(NCCN=[N+]=[N-])(=O)=O,-0.6720240929565606,
661,O=C(C1(CN=[N+]=[N-])CC1)OCC,0.1778491108739217,C1CC1
662,CCCN1C=C(CN=[N+]=[N-])C=N1,-1.29752899930273,c1cn[nH]c1
663,CC(C)N1C=C(CN=[N+]=[N-])C=N1,-1.130516802008763,c1cn[nH]c1
664,[N-]=[N+]=NCCC1CCCCO1,0.5803240020266527,C1CCOCC1
665,CC(OC(N[C@@H]1C[C@@H](C1)N=[N+]=[N-])=O)(C)C,-0.9641868906110536,C1CCC1
666,[N-]=[N+]=NCC1CNCCO1,-0.9147819641965986,C1COCCN1
667,FC1=CN=CC(CN=[N+]=[N-])=C1,-0.1807117541495754,c1ccncc1
668,[N-]=[N+]=N[C@@H]1CCOC1,0.7632613237022522,C1CCOC1
669,C=C(C(NCCCN=[N+]=[N-])=O)C,-1.233669327653966,
670,OCC1(CCCC1)N=[N+]=[N-],1.022951543722781,C1CCCC1
671,OC[C@@H](N=[N+]=[N-])[C@@H](C)O,0.6874354145934831,
672,CC(N=[N+]=[N-])CC1=CC2=C(OC=C2)C=C1,0.2007180622424832,c1ccc2occc2c1
673,OCC1(CO)CC(C1)N=[N+]=[N-],-0.0968267478380102,C1CCC1
674,COC(C1(COC1)N=[N+]=[N-])=O,1.043334715951032,C1COC1
675,[N-]=[N+]=NC1CSC1,0.0638041627806441,C1CSC1
676,[N-]=[N+]=NC(C1=CC=CC=N1)C2=CC=CC=C2,-0.9871037324654834,c1ccc(Cc2ccccn2)cc1
677,[N-]=[N+]=NCCCOC1=CC=CC=C1,-0.134535636522834,c1ccccc1
678,CC1=NC(OC)=C(CN=[N+]=[N-])C(C)=C1,0.3098765670981211,c1ccncc1
679,FC(F)(F)C1=CN=C(CN=[N+]=[N-])C=C1,0.4857397026135404,c1ccncc1
680,[N-]=[N+]=NCC1=C2NN=CC2=CC=C1,-2.298520579066049,c1ccc2[nH]ncc2c1
681,OC(CN=[N+]=[N-])C1=CC([N+]([O-])=O)=CC=C1,-2.792023087764909,c1ccccc1
682,FC(F)(F)C1=NNC(CN=[N+]=[N-])=C1,-1.8142825817868,c1cn[nH]c1
683,C[C@H](C1=CC(F)=CC(F)=C1)N=[N+]=[N-],1.138384584279979,c1ccccc1
684,OC1(CCOCC1)CN=[N+]=[N-],-0.0573510303164081,C1CCOCC1
685,[N-]=[N+]=N[C@@H]1COCCC1,0.5953736947656217,C1CCOCC1
686,FC1=C(F)C=CC(CCN=[N+]=[N-])=C1,0.5169512594953485,c1ccccc1
687,CN(C[C@H](C1=CC=CC=C1)N=[N+]=[N-])C,0.0115100119769098,c1ccccc1
688,[N-]=[N+]=N[C@@H]1C2=CC=CC=C2OCC1,0.6620897022964202,c1ccc2c(c1)CCCO2
689,[N-]=[N+]=N[C@H]1COC2=CC=CC=C2C1,-0.3073703137347692,c1ccc2c(c1)CCCO2
690,ClC1=CC=C(CC(N=[N+]=[N-])CC2)C2=C1,0.6159096308600303,c1ccc2c(c1)CCCC2
691,C[C@@H](C1=CC(F)=CC(F)=C1)N=[N+]=[N-],1.183371609669164,c1ccccc1
692,BrC1CCC(N=[N+]=[N-])CC1,0.9368983171514964,C1CCCCC1
693,[N-]=[N+]=NCC1=CC=CC=C1OCC2CC2,0.3231311077005004,c1ccc(OCC2CC2)cc1
694,[N-]=[N+]=NC1COCC2=CC=CC=C12,-0.7057337531751214,c1ccc2c(c1)CCOC2
695,OCC1=CC=C(CN=[N+]=[N-])C=C1,-2.517706770371932,c1ccccc1
696,CC(C)[C@H](N=[N+]=[N-])C(N1CCCC1)=O,-0.6156565133053848,C1CCNC1
697,CC(C)(C)NC(CCN=[N+]=[N-])=O,-0.8429132019461422,
698,CN1CCC[C@@H](N=[N+]=[N-])C1,0.8437038290721152,C1CCNCC1
699,[N-]=[N+]=NCC1=CC=CN=N1,-0.8805287574760733,c1ccnnc1
700,C[C@@H](C1=CC=CC([N+]([O-])=O)=C1)N=[N+]=[N-],-0.8063046721940549,c1ccccc1
701,[N-]=[N+]=NC1CCCC2(OCCO2)C1,0.519850738569803,C1CCC2(CC1)OCCO2
702,CC(C)(N=[N+]=[N-])C1=CC=CC=C1OC,1.113363457906771,c1ccccc1
703,OCC(C)CN=[N+]=[N-],-0.3523828707597685,
704,N#CC1(CC1)CN=[N+]=[N-],-0.4886820619130562,C1CC1
705,C[C@H](C1=CN=CC=C1)N=[N+]=[N-],-0.2205087348977717,c1ccncc1
706,[N-]=[N+]=NCC1=CC=CC2=C1SC=C2,-0.912474634682707,c1ccc2sccc2c1
707,ClC1=CN=C(CN=[N+]=[N-])C=N1,-0.6898584432538283,c1cnccn1
708,OCC(N=[N+]=[N-])C1=CC2=CC=CC=C2C=C1,-1.536074850463692,c1ccc2ccccc2c1
709,C[C@@H](N=[N+]=[N-])C1CC1,1.310670652748526,C1CC1
710,N#CCC1(CCCC1)N=[N+]=[N-],1.267510963631513,C1CCCC1
711,CC(C)(C)OC(NCC(O)CN=[N+]=[N-])=O,-0.5842687136009722,
712,COC(C1=C(CCN=[N+]=[N-])C=CC=C1)=O,-0.4408383922631267,c1ccccc1
713,CCCCOC(C1(COCC1)N=[N+]=[N-])=O,1.031328255276263,C1CCOC1
714,NC(C1=CC(CN=[N+]=[N-])=CC=C1)=O,-2.166710391705284,c1ccccc1
715,COCC(N=[N+]=[N-])C1=CC=CC=C1,0.8933067463555957,c1ccccc1
716,O=C(NCC(C)CN=[N+]=[N-])OC(C)(C)C,-0.7919425044565721,
717,FC1=CC=C(C(C)(N=[N+]=[N-])C)C=C1,-0.2820945564954621,c1ccccc1
718,OC(C1=CC=C(C)C(C)=C1N=[N+]=[N-])=O,0.2660491389022412,c1ccccc1
719,N#CC1=C(C=CC(N=[N+]=[N-])=C1)F,0.8829389454543871,c1ccccc1
720,O=C(OC(C)(C)C)N(CC1)CCN1C2=CC=C(N=[N+]=[N-])C=C2,-0.0712512916176231,c1ccc(N2CCNCC2)cc1
721,CCOC(C(C)(C)N=[N+]=[N-])=O,1.19636707994623,
722,O=C1N(CCN=[N+]=[N-])CCN1,-0.1236957887992508,O=C1NCCN1
723,ClC1=C(O)C=CC(N=[N+]=[N-])=C1,-0.5181903844211497,c1ccccc1
724,CC1=CC=C(N=[N+]=[N-])C=C1C(O)=O,0.9012399544119012,c1ccccc1
725,[N-]=[N+]=NC1=CC=CC(C2=CC=CC=C2)=C1,0.9919959171070528,c1ccc(-c2ccccc2)cc1
726,FC1=C(C(F)(F)F)C=C(N=[N+]=[N-])C=C1,1.079676290186639,c1ccccc1
727,O[C@H](C1=CC=CC=C1)[C@@H](N=[N+]=[N-])C2=CC=CC=C2,-0.9100360108327934,c1ccc(CCc2ccccc2)cc1
728,OC(C1=C(Cl)C=C(N=[N+]=[N-])C=C1)=O,0.9134625340122554,c1ccccc1
729,OC[C@@H](N=[N+]=[N-])[C@H](O)C1=CC=C([N+]([O-])=O)C=C1,-1.89819616215613,c1ccccc1
730,OC(C1=CC(C(O)=O)=CC(N=[N+]=[N-])=C1)=O,0.9434894271693738,c1ccccc1
731,CC1=CC=C(C(N=[N+]=[N-])=C1)O,-1.084312956142577,c1ccccc1
732,O=C(C(C=C1)=CC=C1CN=[N+]=[N-])O,0.0671842172785723,c1ccccc1
733,CC(C1=CC=CC(N=[N+]=[N-])=C1)=O,0.3559673502498858,c1ccccc1
734,OC(C1=CC=C(N=[N+]=[N-])C=C1)=O,0.9995474532771182,c1ccccc1
735,OC1=CC=C(C(C)(C)C)C=C1N=[N+]=[N-],-0.4073452821317617,c1ccccc1
736,O[C@H]([C@H](N=[N+]=[N-])C1=CC=CC=C1)C2=CC=CC=C2,-1.070853492633048,c1ccc(CCc2ccccc2)cc1
737,ClC1=CC=C(N=[N+]=[N-])C(C)=C1,0.7441674987505323,c1ccccc1
738,[N-]=[N+]=NCCN1CCCCC1,0.562115326394498,C1CCNCC1
739,N#CC1=CC=CC(N=[N+]=[N-])=C1,0.8928055659945066,c1ccccc1
740,[N-]=[N+]=NCCC1=CC=CN=C1,-1.824610385889412,c1ccncc1
741,O=C(C1=CC=C(C=C1)OC)CN=[N+]=[N-],0.6180996725065259,c1ccccc1
742,[N-]=[N+]=NCCN1CCNCC1,-1.101869885080599,C1CNCCN1
743,[N-]=[N+]=NCCC1CCOCC1,0.5532495149147716,C1CCOCC1
744,FC(F)(F)C1=CC=CC(N=[N+]=[N-])=C1,1.051470642865319,c1ccccc1
745,[N-]=[N+]=NC1=CC=CC=C1C2=CC=CC=C2,0.4854460576449284,c1ccc(-c2ccccc2)cc1
746,OC(CN=[N+]=[N-])COC1=CC=CC=C1,-2.129436218074907,c1ccccc1
747,O=S(NC(C1=CC=CC=C1)=O)(C2=CC=C(C=C2)N=[N+]=[N-])=O,0.2761097269127072,O=C(NS(=O)(=O)c1ccccc1)c1ccccc1
748,O=S(NC(C)=O)(C1=CC=C(C=C1)N=[N+]=[N-])=O,0.8313945082139337,c1ccccc1
749,O=S(NC1=NC=CC=N1)(C2=CC=C(C=C2)N=[N+]=[N-])=O,0.6833222226023395,O=S(=O)(Nc1ncccn1)c1ccccc1
750,COC1=NC(OC)=NC(NS(=O)(C2=CC=C(C=C2)N=[N+]=[N-])=O)=C1,0.6052796988098699,O=S(=O)(Nc1ccncn1)c1ccccc1
751,COC1=C(NS(=O)(C2=CC=C(C=C2)N=[N+]=[N-])=O)N=CN=C1OC,0.5195524273542486,O=S(=O)(Nc1ccncn1)c1ccccc1
752,O=S(NC1=NN=C(C)S1)(C2=CC=C(C=C2)N=[N+]=[N-])=O,0.4360755309933881,O=S(=O)(Nc1nncs1)c1ccccc1
753,O=S(NC1=CC(OC)=NC=N1)(C2=CC=C(C=C2)N=[N+]=[N-])=O,0.4146326768733954,O=S(=O)(Nc1ccncn1)c1ccccc1
754,CCOC(C1=CC=C(C=C1)N=[N+]=[N-])=O,1.063297947012655,c1ccccc1
755,O=C(OC(C)(C)C)[C@H](N=[N+]=[N-])C1=CC=CC=C1,1.17205015035844,c1ccccc1
756,COC1=CN=C(NS(=O)(C2=CC=C(C=C2)N=[N+]=[N-])=O)N=C1,0.3577377760960404,O=S(=O)(Nc1ncccn1)c1ccccc1
757,CC(CO)(N=[N+]=[N-])C,0.6883770676203362,
758,C[C@@H](N=[N+]=[N-])C1=CC=CC=C1,0.7623981727056621,c1ccccc1
759,CCOC(CC(C)(C)N=[N+]=[N-])=O,1.099927767371067,
760,BrC1=CC=C(NN=C2N=[N+]=[N-])C2=C1,-1.000929105561036,c1ccc2[nH]ncc2c1
761,O=C(OC(C)(C)C)N1CCC[C@@H](CN=[N+]=[N-])C1,-1.100699635598897,C1CCNCC1
762,C[C@H](N=[N+]=[N-])C1CC1,1.171503015929652,C1CC1
763,O[C@@H]1CCCC[C@H]1N=[N+]=[N-],0.3123587875913553,C1CCCCC1
764,O=C(O)C1=CC(N=[N+]=[N-])=CC(C(F)(F)F)=C1,0.8457714081023332,c1ccccc1
765,O=C(C(C(C)C)N=[N+]=[N-])OCC,1.171274102982293,
766,O=C1CCC2=C(N1)C=C(N=[N+]=[N-])C=C2,-0.268644073689345,O=C1CCc2ccccc2N1
767,O=S(C1=CC=C(N=[N+]=[N-])C=C1)(NC2=NOC(C)=C2)=O,0.4153028448563147,O=S(=O)(Nc1ccon1)c1ccccc1
768,CC(N=[N+]=[N-])C1=NC=CS1,0.4059737208076741,c1cscn1
769,FC1=CC(CN=[N+]=[N-])=CC(C(F)(F)F)=C1,0.607799645649945,c1ccccc1
770,[N-]=[N+]=NCC1=NOC=C1,0.3078039486772065,c1cnoc1
771,FC(F)(OC1=C(CN=[N+]=[N-])C=CC=C1)F,1.079961796774105,c1ccccc1
772,[N-]=[N+]=NCCOC1CCCC1,1.067562214023763,C1CCCC1
773,FC(OC1=C2CN=[N+]=[N-])(OC1=CC=C2)F,0.3731471315628516,c1ccc2c(c1)OCO2
774,ClC1=C(F)C=CC(CN=[N+]=[N-])=C1,1.031659797597342,c1ccccc1
775,CC1(C)CC1N=[N+]=[N-],1.227759472238608,C1CC1
776,CC(C)(C)OC(C(C)(C)N=[N+]=[N-])=O,1.204094197443956,
777,CC[C@H](N=[N+]=[N-])C(OC(C)(C)C)=O,0.7988867927971748,
778,FC(F)CN=[N+]=[N-],0.9874080415125271,
779,FC(F)(F)OC1=CC=CC(CN=[N+]=[N-])=C1,0.987263004676523,c1ccccc1
780,COC[C@H](C)N=[N+]=[N-],0.9959864809951032,
781,O=C(OCC)C(N=[N+]=[N-])C1=CC=CC=C1,1.195453458264033,c1ccccc1
782,[N-]=[N+]=NC1CCC1,1.107365817968517,C1CCC1
783,C[C@@H]1CC[C@@H](N=[N+]=[N-])CC1,1.248976017461067,C1CCCCC1
784,[N-]=[N+]=NC1CCCCCCC1,1.007475807545702,C1CCCCCCC1
785,O=C([C@H](C1=CC=CC=C1)N=[N+]=[N-])OC,1.035615357182596,c1ccccc1
786,CC(N=[N+]=[N-])C1CCCCC1,1.110141576650669,C1CCCCC1
787,[N-]=[N+]=N[C@H]1[C@@H]2CC[C@@H](C2)C1,1.241892964415515,C1C[C@H]2CC[C@@H]1C2
788,CCCCOCCCN=[N+]=[N-],0.8892572344908706,
789,[N-]=[N+]=NC1CCCCC1,1.095673749348682,C1CCCCC1
790,CCCCCCCCCN=[N+]=[N-],1.156833255524546,
791,CC1=CC(CN=[N+]=[N-])=CC=C1,1.065501607863964,c1ccccc1
792,COC([C@@H](C1=CC=CC=C1)N=[N+]=[N-])=O,1.117890155524237,c1ccccc1
793,FC(C=C1)=CC=C1CN=[N+]=[N-],1.181875001227049,c1ccccc1
794,[N-]=[N+]=NC1CC=CC1,1.022825542989239,C1=CCCC1
795,O=S1(CC(N=[N+]=[N-])C=C1)=O,0.9258654586188932,O=S1(=O)C=CCC1
796,OC(C1=CC(CN=[N+]=[N-])=CC=C1)=O,0.6063984376933228,c1ccccc1
797,COC(C=C1CN2CCC(C=C3)=CC=C3N=[N+]=[N-])=C(C=C1CC2)OC,-0.0842626448042276,c1ccc(CCN2CCc3ccccc3C2)cc1
798,ClC1=CC=C(C=C1)CC(N=[N+]=[N-])C(OCC)=O,-0.9164824299132782,c1ccccc1
799,NC(C(CC1=CC=CC=C1)N=[N+]=[N-])=O,-1.1560016432408,c1ccccc1
800,FC1=CC(O)=CC=C1N=[N+]=[N-],-1.577635966532679,c1ccccc1
801,COC1=CC=CC=C1OCCN=[N+]=[N-],-1.263794074333118,c1ccccc1
802,C=CCOC(NCCCCCN=[N+]=[N-])=O,-1.800707343294058,
803,O=C([C@H](CO)N=[N+]=[N-])OC(C)(C)C,0.2409461244429604,
804,CCCCCOC(CN=[N+]=[N-])=O,0.9406241364029472,
805,O=C([C@@H](CC(OC)=O)N=[N+]=[N-])OC,1.014875903885909,
806,OC[C@@H](N=[N+]=[N-])CC1CCCCC1,-0.7152948194643557,C1CCCCC1
807,O=C(O)[C@@H](N=[N+]=[N-])COCC1=CC=CC=C1,0.8720775634467587,c1ccccc1
808,[N-]=[N+]=NCCSC(C1=CC=CC=C1)(C2=CC=CC=C2)C3=CC=CC=C3,1.383399552604553,c1ccc(C(c2ccccc2)c2ccccc2)cc1
809,CC(C)(OC(N[C@H](C(OC)=O)CN=[N+]=[N-])=O)C,-0.985217453479668,
810,O=C(NCCCCN=[N+]=[N-])OCC=C,-1.963182680195258,
811,COC(CCCCCN=[N+]=[N-])=O,-0.2462702649278716,
812,CC(C1=CC=C(N=[N+]=[N-])C=C1C)C,1.162191511743097,c1ccccc1
813,FC(F)(F)C1=CC=C(N=[N+]=[N-])C=C1,1.219322017955653,c1ccccc1
814,CC(C)(OC([C@@H](N=[N+]=[N-])CC(OCC1=CC=CC=C1)=O)=O)C,-0.992401562677621,c1ccccc1
815,O=C(N(CC1)CCN1C(CCN=[N+]=[N-])=O)OC(C)(C)C,-1.005350646494442,C1CNCCN1
816,CCC1=CC(O)=C(N=[N+]=[N-])C=C1,-1.206977086977013,c1ccccc1
817,CC(C)(OC([C@@H](N=[N+]=[N-])CCCNC(OCC1=CC=CC=C1)=O)=O)C,-1.054061423568364,c1ccccc1
818,CC(OC(C)(C)C)[C@@H](N=[N+]=[N-])C(OC)=O,1.046806749684029,
819,FC(C=C1)=C(C=C1CN=[N+]=[N-])Br,1.098206835363494,c1ccccc1
820,O=C1C[C@@H](N=[N+]=[N-])CO1,0.9722247057664076,O=C1CCCO1
821,C[C@H]1CC[C@@H](N=[N+]=[N-])CC1,1.219171795033768,C1CCCCC1
822,O[C@@H]1CCCC[C@H]1N=[N+]=[N-],0.4259648174673832,C1CCCCC1
823,O[C@H](CO)CN=[N+]=[N-],0.7192783568908414,
824,BrC1=CC(F)=C(CN=[N+]=[N-])C=C1,1.087425692134885,c1ccccc1
825,CC(C)(OC(NCCC[C@H](N=[N+]=[N-])C(OC)=O)=O)C,-1.132961844000946,
826,O=C1CCC(N=[N+]=[N-])CC1,0.2365069075919317,O=C1CCCCC1
827,CC(C[C@@H](N=[N+]=[N-])C(OC(C)(C)C)=O)C,1.180201478985011,
828,O=C(OC(C)(C)C)[C@H](CC(OC)=O)N=[N+]=[N-],0.288911957428225,
829,O=C([C@H](CC(OC(C)(C)C)=O)N=[N+]=[N-])OC(C)(C)C,0.8070404440210018,
830,O=C(OC(C)(C)C)N1CCC(CC1)N=[N+]=[N-],-0.0441008372372071,C1CCNCC1
831,COC([C@H](CCNC(OC(C)(C)C)=O)N=[N+]=[N-])=O,-0.4382988883378416,
832,CC(C1=CC=CC(Br)=C1)N=[N+]=[N-],1.011185929775568,c1ccccc1
833,O=C(OCC1=CC=CC=C1)N2CC[C@@H](C2)N=[N+]=[N-],-1.197075332661001,O=C(OCc1ccccc1)N1CCCC1
834,CC1=CC=C(C=C1NC2=NC(C3=CN=CC=C3)=CC=N2)N=[N+]=[N-],-1.524517477006273,c1ccc(Nc2nccc(-c3cccnc3)n2)cc1
835,FC1=C(C)C=CC(N=[N+]=[N-])=C1,1.054693036585689,c1ccccc1
836,O=C([C@@H](C(C)C)N=[N+]=[N-])OCC,1.032118336897879,
837,CC(CC(N=[N+]=[N-])C1=NC=CC=C1)C,0.7316550256906896,c1ccncc1
838,N#CC(C)(C)N=[N+]=[N-],1.109548099146414,
839,OC(CCC1)CC1N=[N+]=[N-],-0.0738859792163897,C1CCCCC1
840,O=C([C@@H](CCC(OC)=O)N=[N+]=[N-])OC(C)(C)C,-0.4507706045220016,
841,FC(F)(C1=CC(N=[N+]=[N-])=CC(C)=C1)F,1.207836169535138,c1ccccc1
842,CC(C=CC(Br)=C1)=C1N=[N+]=[N-],0.8769199367956261,c1ccccc1
843,CC1=CC=CC(N=[N+]=[N-])=C1F,1.081684178913408,c1ccccc1
844,FC(C=C1)=CC=C1CCN=[N+]=[N-],0.8816466079045566,c1ccccc1
845,FC1=CC(N=[N+]=[N-])=CC(C)=C1,1.001883406228331,c1ccccc1
846,C[C@H](O)CN=[N+]=[N-],0.5789627960206519,
847,CC(N(CC1)CCC1N=[N+]=[N-])=O,0.4498398073205985,C1CCNCC1
848,COC(C=C1N=[N+]=[N-])=C(C=C1)OC,-0.7614507755013499,c1ccccc1
849,[N-]=[N+]=NCCCNCC1=CC=CC=C1,-1.334288866546416,c1ccccc1
850,FC(F)(OC(C=C1)=CC=C1N=[N+]=[N-])F,1.059287678505897,c1ccccc1
851,COC1=C(Br)C=CC=C1N=[N+]=[N-],1.017770026269126,c1ccccc1
852,O=C(N(CC1)CC2=C1C=CC(N=[N+]=[N-])=C2)OC(C)(C)C,-1.175916242758757,c1ccc2c(c1)CCNC2
853,[N-]=[N+]=NC(C=C1)=CC2=C1CCC2,0.9160880972092608,c1ccc2c(c1)CCC2
854,IC(C=C1)=CC(C)=C1N=[N+]=[N-],1.045984621513345,c1ccccc1
855,O=C(C)NC1=NC(C2=CC(N=[N+]=[N-])=CC=C2)=CS1,-0.7108362417011057,c1ccc(-c2cscn2)cc1
856,[N-]=[N+]=NC(C1CC1)C2CC2,1.166240237067798,C1CC1CC1CC1
857,[N-]=[N+]=NC1=CC2=C(C=C1)SC=N2,-1.104614308735898,c1ccc2scnc2c1
858,CC(C)(OC(N1CCC[C@H](C1)N=[N+]=[N-])=O)C,-0.3092089734830148,C1CCNCC1
859,O=C(OC(C)(C)C)N1C[C@@H](N=[N+]=[N-])CC1,-0.1966650060646288,C1CCNC1
860,COC1=C(CN=[N+]=[N-])C=CC(OC)=C1,-0.9854758077524166,c1ccccc1
861,SC1=NC2=CC(N=[N+]=[N-])=CC=C2N1,-1.103086833513313,c1ccc2[nH]cnc2c1
862,CC1=CC=CC(C)=C1CN=[N+]=[N-],1.128274968294578,c1ccccc1
863,[N-]=[N+]=NC1=CC=CC(N2C=NC=N2)=C1,-0.1064112115872897,c1ccc(-n2cncn2)cc1
864,CC(C)(OC(NCCCCN=[N+]=[N-])=O)C,-0.9615974532002228,
865,CC(C)(OC(N1CCC(CC1)N=[N+]=[N-])=O)C,-0.0070135507942924,C1CCNCC1
866,OC(CCCC1)C1N=[N+]=[N-],0.50659957460996,C1CCCCC1
867,CNCCN=[N+]=[N-],0.3362779237032875,
868,FC(C=C1)=CC(OC)=C1N=[N+]=[N-],0.8286386406269259,c1ccccc1
869,O=C(N1[C@H](CN=[N+]=[N-])CCCC1)OC(C)(C)C,-0.8813215807036001,C1CCNCC1
870,IC1=C(C)C=CC(N=[N+]=[N-])=C1,1.178699802242159,c1ccccc1
871,FC(F)(F)C1=CC(CN=[N+]=[N-])=CC=C1,0.8822054106444003,c1ccccc1
872,FC(C=C1F)=C(C=C1)N=[N+]=[N-],1.210561546551159,c1ccccc1
873,OC(CC1)CCC1N=[N+]=[N-],0.5562965408639086,C1CCCCC1
874,COC1=C(F)C=C(N=[N+]=[N-])C=C1,1.139207266436656,c1ccccc1
875,ClC(C=CC(OC)=C1)=C1N=[N+]=[N-],0.7468158177243938,c1ccccc1
876,CC(C)(OC(N1CCN(CC1)CCN=[N+]=[N-])=O)C,-0.3789423833702643,C1CNCCN1
877,[N-]=[N+]=NC1=CC=C(C=C1)C2=CN=CO2,-0.4670691949543969,c1ccc(-c2cnco2)cc1
878,[N-]=[N+]=NC1=CC=C(C=C1)CN2C=NC=C2,-0.1935307964542408,c1ccc(Cn2ccnc2)cc1
879,IC1=CC(CN=[N+]=[N-])=CC=C1,0.7734685179953565,c1ccccc1
880,BrC1=C(C)C=CC(N=[N+]=[N-])=C1,1.111996984323479,c1ccccc1
881,BrC(C=C1N=[N+]=[N-])=C(C=C1)Cl,1.020803995765557,c1ccccc1
882,C[C@H](N=[N+]=[N-])C1=CC=CC(Cl)=C1,1.22813255108203,c1ccccc1
883,O=S(N(CC1)CCC1N=[N+]=[N-])(C)=O,0.2879849754683264,C1CCNCC1
884,CC(C)(C1=CC=C(C=C1)Br)N=[N+]=[N-],1.232275047310695,c1ccccc1
885,O=C(N(CC1)CCC1CCN=[N+]=[N-])OC(C)(C)C,-1.129093639317587,C1CCNCC1
886,FC1=CC(N=[N+]=[N-])=CC(Cl)=C1,1.252667613658669,c1ccccc1
887,[N-]=[N+]=NC1CCC1,1.260323081868576,C1CCC1
888,OCCCCCN=[N+]=[N-],-0.8032940014390126,
889,CNCCN=[N+]=[N-],0.2738419959958823,
890,CCCCC1=CC=C(C=C1)N=[N+]=[N-],1.024590394218572,c1ccccc1
891,[N-]=[N+]=NCC1CC1,1.176488021664131,C1CC1
892,C[C@@H](CC(OCC)=O)N=[N+]=[N-],1.078800997647965,
893,FC(C=C1)=CC(N=[N+]=[N-])=C1C,1.32827017187366,c1ccccc1
894,FC1(F)OC2=C(O1)C=C(N=[N+]=[N-])C=C2,1.241549316871948,c1ccc2c(c1)OCO2
895,FC(C=C1C)=C(C=C1)N=[N+]=[N-],1.127711464524727,c1ccccc1
896,O=C(N(CCC1)CC[C@H]1N=[N+]=[N-])OC(C)(C)C,-0.6095522346092803,C1CCCNCC1
897,OCC(CO)(CO)N=[N+]=[N-],1.124588017961342,
898,BrC(C=C1N=[N+]=[N-])=C(C=C1)F,0.831710577356746,c1ccccc1
899,O=C(N(C1)CC1N=[N+]=[N-])OCC2=CC=CC=C2,-1.51224094009167,O=C(OCc1ccccc1)N1CCC1
900,[N-]=[N+]=NC1CCCNC1,-0.0098702281178323,C1CCNCC1
901,FC(F)(C1=C([C@@H](C)N=[N+]=[N-])C=CC=C1)F,1.312658192992863,c1ccccc1
902,O=C([C@@H](CCC1=CC=CC=C1)N=[N+]=[N-])OCC,-0.4638988407921872,c1ccccc1
903,O=C(N[C@H](CN=[N+]=[N-])C(OC)=O)OCC1=CC=CC=C1,-1.408789545717455,c1ccccc1
904,CC(N1CCC(CC1)N=[N+]=[N-])C,1.135664556602737,C1CCNCC1
905,[N-]=[N+]=N[C@@H](CCC1)C2=C1C=CC=C2,1.126160498891977,c1ccc2c(c1)CCCC2
906,ClC(C=C1)=CC=C1CCN=[N+]=[N-],0.9644145900749612,c1ccccc1
907,[N-]=[N+]=NCC1=NC=CN=C1,-0.0766579152305621,c1cnccn1
908,OCC[C@@H](C)N=[N+]=[N-],0.5708236132203528,
909,OC(C=C1C)=CC(C)=C1N=[N+]=[N-],-1.033099821238211,c1ccccc1
910,CN(C(CN=[N+]=[N-])=O)C,0.0550860380016836,
911,[N-]=[N+]=NC[C@H]1CCCO1,0.4730638410820229,C1CCOC1
912,COC1=C(F)C=CC=C1N=[N+]=[N-],1.14827086518927,c1ccccc1
913,CNCC1=CC=C(N=[N+]=[N-])C=C1,-0.482008802743478,c1ccccc1
914,BrC(C=C1)=C(C)C=C1N=[N+]=[N-],1.38755795034354,c1ccccc1
915,O=C(CC(CC(OC)=O)N=[N+]=[N-])OC,1.125800850841584,
916,CC(C)(OC(CN1C2=C(C=CC=C2)CC[C@@H](C1=O)N=[N+]=[N-])=O)C,-0.6130433319592421,O=C1CCCc2ccccc2N1
917,C[C@H](N=[N+]=[N-])C1=CC=C(F)C=C1,1.056796678659744,c1ccccc1
918,COC(C1=C(Cl)C=CC(N=[N+]=[N-])=C1)=O,0.0594930310202805,c1ccccc1
919,CC1=C(Cl)C=CC=C1N=[N+]=[N-],1.213192621148669,c1ccccc1
920,COC1=CC([C@H](N=[N+]=[N-])C)=CC=C1,0.782334826009661,c1ccccc1
921,ClC(C=C1)=C(C)C=C1N=[N+]=[N-],1.173394413509234,c1ccccc1
922,C[C@H](N=[N+]=[N-])C1=NC=CC=C1,0.5376480048267058,c1ccncc1
923,CC(C)CN=[N+]=[N-],1.057237780870045,
924,O=C(NCC(C=C1)=CC=C1N=[N+]=[N-])OC(C)(C)C,-0.8878429573075949,c1ccccc1
925,[N-]=[N+]=NCC1(N(CC2=CC=CC=C2)CC3=CC=CC=C3)COC1,-1.243628986903471,c1ccc(CN(Cc2ccccc2)C2COC2)cc1
926,COC1=CC(N=[N+]=[N-])=CC(F)=C1,0.1683502853399781,c1ccccc1
927,CC(C)(OC(N(CCCC1)C[C@H]1N=[N+]=[N-])=O)C,-0.3267125448149517,C1CCCNCC1
928,C[C@H](C1=CC=CC=C1)CN=[N+]=[N-],0.827200424275208,c1ccccc1
929,CC1CCC(CC1)N=[N+]=[N-],0.9254641268840929,C1CCCCC1
930,FC1=CC(N=[N+]=[N-])=CC(F)=C1,0.8688903204967546,c1ccccc1
931,O=C(N1[C@H](CN=[N+]=[N-])CCC1)OC(C)(C)C,-0.8351457726267076,C1CCNC1
932,O=C(NCCCC[C@@H](C(OC(C)(C)C)=O)N=[N+]=[N-])OCC1=CC=CC=C1,-1.6206742649456,c1ccccc1
933,FCCN=[N+]=[N-],0.8743533191517008,
934,CC(C)(OC(C1=CC(N=[N+]=[N-])=CC=C1)=O)C,1.116626555325726,c1ccccc1
935,O[C@H](C)C1=CC(N=[N+]=[N-])=CC=C1,-0.204094011029307,c1ccccc1
936,CNC(CN=[N+]=[N-])=O,0.7978386349985965,
937,FC(C=C1O)=C(C=C1)N=[N+]=[N-],-1.689253217875166,c1ccccc1
938,CC(C=CC(C(OCC)=O)=C1)=C1N=[N+]=[N-],1.181464722664104,c1ccccc1
939,O=C([C@@H](CC(C)C)N=[N+]=[N-])OCC1=CC=CC=C1,-0.0568515104501806,c1ccccc1
940,COC(C=C1CN=[N+]=[N-])=C(C=C1)O,-0.905737815028463,c1ccccc1
941,CC(C)(OC(NCCCCCN=[N+]=[N-])=O)C,-1.51338199906062,
942,OC[C@@H](CC)N=[N+]=[N-],0.5846818547385539,
943,COC(C(OC)=CC(N=[N+]=[N-])=C1)=C1OC,-0.4574933137158186,c1ccccc1
944,O=C(C(C=CC=C1)=C1N=[N+]=[N-])N(C)C,0.8946154995300308,c1ccccc1
945,BrC(C=C1)=CC=C1CCN=[N+]=[N-],0.5263940571983381,c1ccccc1
946,[N-]=[N+]=NC1=CC=C(C=C1)N2N=CC=C2,-0.5951025302907043,c1ccc(-n2cccn2)cc1
947,CC(C)(OC(NCCCCCCCCN=[N+]=[N-])=O)C,-1.402575611529805,
948,FC(F)(SC1=CC=C(N=[N+]=[N-])C=C1)F,1.19696535798025,c1ccccc1
949,OCC1(CC1)N=[N+]=[N-],0.2274566771687833,C1CC1
950,ClC(C=C1N=[N+]=[N-])=C(C=C1)N(CC2)CCN2C,-0.9639897190494175,c1ccc(N2CCNCC2)cc1
951,NC(C1(N=[N+]=[N-])CCCC1)=O,0.6690872281241752,C1CCCC1
952,CN1CCN(CCN=[N+]=[N-])CC1,-0.0032647450358459,C1CNCCN1
953,CCOP(OCC)(CC1=CC=C(N=[N+]=[N-])C=C1)=O,-0.392552133877193,c1ccccc1
954,[N-]=[N+]=NC1CN(CC1)CC2=CC=CC=C2,-0.2888337454552257,c1ccc(CN2CCCC2)cc1
955,FC(C=C1OC)=C(C=C1)N=[N+]=[N-],1.172424815469614,c1ccccc1
956,N#CC(C)(C)C(C=C1)=CC=C1N=[N+]=[N-],0.124851666571644,c1ccccc1
957,NC(CN=[N+]=[N-])=O,0.8470754351275511,
958,O=C(N(CC1)CCC1(C)N=[N+]=[N-])OC(C)(C)C,1.178741041359285,C1CCNCC1
959,[N-]=[N+]=NC(C=C1)=CC2=C1OCO2,-0.1381626866367303,c1ccc2c(c1)OCO2
960,FC(F)(C1=C(Cl)C=C(CN=[N+]=[N-])C=C1)F,0.7716937218467025,c1ccccc1
961,ClC(C=C1O)=C(C=C1)N=[N+]=[N-],-1.731588505648117,c1ccccc1
962,CC1=CC=CC(N(CCN=[N+]=[N-])CC)=C1,-0.9918049560304316,c1ccccc1
963,O=C(C1=CC=CC=C1)NC(C=C2)=CC=C2N=[N+]=[N-],-0.9890966101474652,O=C(Nc1ccccc1)c1ccccc1
964,FC(OC(C=C1)=CC=C1N=[N+]=[N-])F,0.9303799965446248,c1ccccc1
965,[N-]=[N+]=NC1=CC=C(C=C1)C2=NCCN2,0.500995317159987,c1ccc(C2=NCCN2)cc1
966,ClC(C=CC=C1)=C1C2=CC(N=[N+]=[N-])=CC=C2,0.9663098570808816,c1ccc(-c2ccccc2)cc1
967,O=C(OC(C)(C)C)N1CCN(CC1)CCCN=[N+]=[N-],-0.3467355708874224,C1CNCCN1
968,OC[C@H]1CC[C@H](N=[N+]=[N-])CC1,-0.1352359153427121,C1CCCCC1
969,OCC1=CC(CO)=CC(N=[N+]=[N-])=C1,0.2524029258634842,c1ccccc1
970,O=C(NCC1=CC(CN=[N+]=[N-])=CC=C1)OC(C)(C)C,-1.450068397566314,c1ccccc1
971,O=C(N(CC1)CCC1C(C=C2)=CC=C2N=[N+]=[N-])OC(C)(C)C,-0.6910001231610126,c1ccc(C2CCNCC2)cc1
972,O=C(COCC1)N1C(C=C2)=CC=C2N=[N+]=[N-],0.3219535367863778,O=C1COCCN1c1ccccc1
973,OC(C1=CC(O)=CC(N=[N+]=[N-])=C1)=O,0.7434093515075691,c1ccccc1
974,CN(CC(C=CC=C1)=C1N=[N+]=[N-])C,1.057383649689239,c1ccccc1
975,FC(F)(OC1=C(Cl)C=C(N=[N+]=[N-])C=C1)F,1.168796391949005,c1ccccc1
976,O=C(OC(C)(C)C)N1C[C@@H]([C@H](C1)N=[N+]=[N-])O,0.4232668997663587,C1CCNC1
977,CN1C=NC2=C1C=CC(N=[N+]=[N-])=C2,-0.9047301366413086,c1ccc2[nH]cnc2c1
978,COC(C(N=[N+]=[N-])=C1)=CC(NC(C2=CC=CC=C2)=O)=C1C,-0.1894925496678622,O=C(Nc1ccccc1)c1ccccc1
979,O=C1C2=C(C=CC(N=[N+]=[N-])=C2)CO1,0.5236710700942978,O=C1OCc2ccccc21
980,OC[C@@H](COCC1=CC=CC=C1)N=[N+]=[N-],-1.139588826087984,c1ccccc1
981,O=C1CCC2=C1C=C(N=[N+]=[N-])C=C2,-0.9604190842390988,O=C1CCc2ccccc21
982,[N-]=[N+]=N[C@H]1CCOC1,0.72214839568739,C1CCOC1
983,[N-]=[N+]=NCC1=CC=NC=C1,-0.6600676199325942,c1ccncc1
984,O=C(NC[C@@H]1CC[C@@H](CN=[N+]=[N-])CC1)OC(C)(C)C,-1.588096776350406,C1CCCCC1
985,CN1CCN(CC1)C(C=C2)=CC=C2N=[N+]=[N-],-1.397978857933958,c1ccc(N2CCNCC2)cc1
986,C[C@@H](C1=CC2=CC=CC=C2C=C1)N=[N+]=[N-],0.2484479805895413,c1ccc2ccccc2c1
987,CC(CN=[N+]=[N-])(CN(C)C)C,0.5688485614626921,
988,CNS(CC1=CC=C(N=[N+]=[N-])C=C1)(=O)=O,-0.7705730857882324,c1ccccc1
989,ClC(S1)=NC=C1CN=[N+]=[N-],-0.9042445235554072,c1cscn1
990,OCCNCCN=[N+]=[N-],-0.2224237897509553,
991,CN(C([C@H](C[C@H]1NC(OC(C)(C)C)=O)CC[C@@H]1N=[N+]=[N-])=O)C,-0.419044116426174,C1CCCCC1
992,CCOC(C=CC(C)=C1)=C1N=[N+]=[N-],0.8758371240859723,c1ccccc1
993,O=C(C1=CC=CC(C2=C(O)C(N=[N+]=[N-])=CC=C2)=C1)O,0.2839372093833465,c1ccc(-c2ccccc2)cc1
994,O=S(NC(C=C1)=CC=C1CN=[N+]=[N-])(C)=O,-1.887963887195483,c1ccccc1
995,O=C(N1[C@H](CN=[N+]=[N-])CCC1)OC(C)(C)C,-0.8252918933058019,C1CCNC1
996,O=C([C@H](CC1=CC=CC=C1)N=[N+]=[N-])N,-0.8384858698813981,c1ccccc1
997,[N-]=[N+]=NC1CNCC1,-0.2564323882210817,C1CCNC1
998,CNCC1=CC(N=[N+]=[N-])=CC=C1,-0.8820771711443669,c1ccccc1
999,[N-]=[N+]=NC1CC(CC2)N(CC3=CC=CC=C3)C2C1,-0.905908850125828,c1ccc(CN2C3CCCC2CC3)cc1
1000,CC1(C)O[C@@]([H])([C@@H](C[C@@H]2O)N=[N+]=[N-])[C@]2([H])O1,0.266451899951204,C1C[C@@H]2OCO[C@@H]2C1
1001,[N-]=[N+]=NC12C[C@@H]3C[C@H](C2)C[C@H](C1)C3,1.009893030017442,C1C2CC3CC1CC(C2)C3
1002,CC(C)(OC(N1CC(C1)N=[N+]=[N-])=O)C,-0.3953131761830852,C1CNC1
1003,[N-]=[N+]=N[C@@H]1CCN(C1)CC2=CC=CC=C2,-0.7678302510972586,c1ccc(CN2CCCC2)cc1
1004,O=C(NC1CC1)CN=[N+]=[N-],0.1641340208853604,C1CC1
1005,[N-]=[N+]=NCC1CCOC1,-0.0693908327549741,C1CCOC1
1006,FC(F)(OC1=CC=C(N=[N+]=[N-])C=C1F)F,0.7787175989267959,c1ccccc1
1007,CSC1=CC=CC(N=[N+]=[N-])=C1,0.376028967528356,c1ccccc1
1008,OC1(CN(C(OC(C)(C)C)=O)C1)CN=[N+]=[N-],-0.967360641654637,C1CNC1
1009,COC1=CC(CC(C)(C)N=[N+]=[N-])=CC=C1,0.580879826871269,c1ccccc1
1010,OC(C1=CC=CC=C1)(C2=CC=CC=C2)[C@H](CC3=CC=CC=C3)N=[N+]=[N-],-0.0388172712558688,c1ccc(CCC(c2ccccc2)c2ccccc2)cc1
1011,F[C@@H](C1)[C@H](N=[N+]=[N-])CN1C(OC(C)(C)C)=O,-0.5401493366904635,C1CCNC1
1012,CNC(C1=CC=CC=C1N=[N+]=[N-])=O,0.8633653599941319,c1ccccc1
1013,CC(C(C=C1)=CC=C1C)(C)N=[N+]=[N-],1.158338343184272,c1ccccc1
1014,O=C(C(CCN1CC2=CC=CC=C2)(CC1)N=[N+]=[N-])O,0.968981801552615,c1ccc(CN2CCCCC2)cc1
1015,FC(F)OC1=CC(N=[N+]=[N-])=CC=C1,1.049544283110815,c1ccccc1
1016,FC(F)(C(C=C1N=[N+]=[N-])=C(C=C1)OC)F,1.080180701993282,c1ccccc1
1017,COC(C=CC(C1=CC=CC=C1)=C2)=C2N=[N+]=[N-],-1.281473413739316,c1ccc(-c2ccccc2)cc1
1018,COC1=CC(C2=C(O3)C=CC=C2)=C3C=C1N=[N+]=[N-],-1.31400957276364,c1ccc2c(c1)oc1ccccc12
1019,CN1N=CC=C1CN=[N+]=[N-],-0.191656113617798,c1cn[nH]c1
1020,CC1(N=[N+]=[N-])CCOCC1,1.272306274750841,C1CCOCC1
1021,CC1([C@@H]2CC[C@H](CN=[N+]=[N-])[C@H]1C2)C,1.370708936542819,C1C[C@H]2C[C@@H](C1)C2
1022,O=C(N(CC1)CCC1(C(OC)=O)N=[N+]=[N-])OCC2=CC=CC=C2,0.110036896893354,O=C(OCc1ccccc1)N1CCCCC1
1023,COC(C=CC(OC)=C1)=C1N=[N+]=[N-],-0.8758647257479525,c1ccccc1
1024,CN1N=CC(CN=[N+]=[N-])=C1,-0.7313383784657396,c1cn[nH]c1
1025,CC(C)N(CCCCCN=[N+]=[N-])C(C)C,-0.7688850371245305,
1026,O[C@H](CC1)CC[C@@H]1N=[N+]=[N-],0.2935528255031454,C1CCCCC1
1027,CSC(C=CC=C1)=C1N=[N+]=[N-],0.8958427793547842,c1ccccc1
1028,O=C(C)NC(C=C1)=CC(N=[N+]=[N-])=C1OC,-1.122839574109087,c1ccccc1
1029,CC(C)(C)OC(N[C@@H](CCCC1)[C@H]1N=[N+]=[N-])=O,-0.6434798861586839,C1CCCCC1
1030,CC(CCCN=[N+]=[N-])(CO)C,-0.5810709540086605,
1031,CN(CC1=C(N=[N+]=[N-])C=CC=C1)C2CCCCC2,0.8321875493745433,c1ccc(CNC2CCCCC2)cc1
1032,FC1=CC(F)=CC(CCN=[N+]=[N-])=C1,0.6514385241714481,c1ccccc1
1033,O=S(CC(C1=CC=C(C(OCC)=C1)OC)N=[N+]=[N-])(C)=O,-0.1736946552990913,c1ccccc1
1034,CC(C)(OC(N1CC[C@@H]([C@H](C1)F)N=[N+]=[N-])=O)C,-0.0237584665260228,C1CCNCC1
1035,FC(C=C1)=CC(N=[N+]=[N-])=C1OC,0.8527270188759938,c1ccccc1
1036,[N-]=[N+]=NCCC1=CC=NC=C1,-1.547983003965798,c1ccncc1
1037,OC1=CC=C(C=C1CN(CC)CC)N=[N+]=[N-],-1.325815538254558,c1ccccc1
1038,C[C@H](CC)CN=[N+]=[N-],1.149306570372813,
1039,O=C1NCCCCC1N=[N+]=[N-],0.6558466889264402,O=C1CCCCCN1
1040,OCC(C)N=[N+]=[N-],0.7825631079454072,
1041,OC(/C=C/C1=CC=C(N=[N+]=[N-])C=C1)=O,0.3254531991084497,c1ccccc1
1042,COC1=CC([C@@H](N=[N+]=[N-])C)=CC=C1,0.873518415965658,c1ccccc1
1043,ClC1=C(C(F)(F)F)C=CC=C1CN=[N+]=[N-],0.9262562969508116,c1ccccc1
1044,OCC(CO)(CC)N=[N+]=[N-],0.965703576476363,
1045,[N-]=[N+]=NCC1CCCCN1,0.104017906239313,C1CCNCC1
1046,C[C@H](O)CN=[N+]=[N-],0.5334340613154058,
1047,FC(C=C1N=[N+]=[N-])=C(C(F)=C1)OC,1.066719128934591,c1ccccc1
1048,[N-]=[N+]=NC1=CC=CC2=C1OCCO2,-0.5141842613282029,c1ccc2c(c1)OCCO2
1049,CC(N=[N+]=[N-])C1=CC=NC=C1,0.2332692576022018,c1ccncc1
1050,CC1=NC(C)=C(CN=[N+]=[N-])S1,-1.072908027882558,c1cscn1
1051,O[C@H]1COC[C@@H]1N=[N+]=[N-],0.705724005709673,C1CCOC1
1052,OC(CN=[N+]=[N-])CC=1C=CC=C(F)C1,-1.484973561011859,c1ccccc1
1053,[N-]=[N+]=NCCCN1CCSCC1,-1.082683716832112,C1CSCCN1
1054,[N-]=[N+]=NCC1=CSC(C#N)=N1,-1.643058587253685,c1cscn1
1055,[N-]=[N+]=NCC=1C=CC=C2N=CC=NC12,-1.822813098458691,c1ccc2nccnc2c1
1056,[N-]=[N+]=NCC1CCCCC1,1.183478064144526,C1CCCCC1
1057,CC(C)(C)CN=[N+]=[N-],1.21260471764374,
1058,[N-]=[N+]=NCC=1C=CC=C(C#N)C1,-1.663600159868178,c1ccccc1
1059,CC=1C=NNC1CN=[N+]=[N-],-1.295339743006858,c1cn[nH]c1
1060,CC=1C=NC=C(CCN=[N+]=[N-])N1,-1.417634188474971,c1cnccn1
1061,[N-]=[N+]=NC=1C=CC(C#N)=CC1,0.5903009606277084,c1ccccc1
1062,"CCO[C@@H]1CCCC[C@H]1N=[N+]=[N-] |&1:3,8,r|",1.294338973111649,C1CCCCC1
1063,[N-]=[N+]=NCC1CCCNC1,-0.5736097704316054,C1CCNCC1
1064,[N-]=[N+]=NC=1C=CC=CC1C=2C=CC=CC2,-0.1174011847897426,c1ccc(-c2ccccc2)cc1
1065,CC(C)(C)OC(=O)NCC1(CN=[N+]=[N-])CC21CCC2,-1.521023245983058,C1CC2(C1)CC2
1066,[N-]=[N+]=NCC(=O)NCC=1C=CC=CC1,-1.579671599018186,c1ccccc1
1067,CC(F)(F)C=1C=CC=C(CN=[N+]=[N-])N1,-1.377430921257965,c1ccncc1
1068,[N-]=[N+]=NC1CCCNCC1,-0.2249417511873624,C1CCCNCC1
1069,NS(=O)(=O)C=1C=CC=CC1N=[N+]=[N-],1.313981211137162,c1ccccc1
1070,C[C@@H](N)CN=[N+]=[N-],0.4919649384061379,
1071,COC(=O)C=1SC=CC1N=[N+]=[N-],-0.221255873634281,c1ccsc1
1072,[N-]=[N+]=NCC1=CN2C=CC=NC2=N1,-0.9566706660032592,c1cnc2nccn2c1
1073,N[C@H]1CC[C@H](CC1)N=[N+]=[N-],0.544472606048577,C1CCCCC1
1074,COC=1C=CC(N=[N+]=[N-])=CC1,0.4496208144530272,c1ccccc1
1075,FC(F)(F)C=1C=NC(C#N)=C(N=[N+]=[N-])C1,0.8721642360263531,c1ccncc1
1076,[N-]=[N+]=NC1CC2CCCC(C1)N2,-0.3263813868708406,C1CC2CCCC(C1)N2
1077,FC(F)(CN=[N+]=[N-])C=1C=CC=CC1,-0.5288276248252454,c1ccccc1
1078,[N-]=[N+]=NC1CC(C1)(C#N)C=2C=CC=CC2,-1.351846738700433,c1ccc(C2CCC2)cc1
1079,CC=1N=CC(CN=[N+]=[N-])=CN1,-0.5399053247915497,c1cncnc1
1080,[N-]=[N+]=NC(=O)C=1N=CON1,1.288750598744007,c1ncon1
1081,NC(=O)C(N=[N+]=[N-])C=1C=CC(F)=CC1,0.0260185306555752,c1ccccc1
1082,[N-]=[N+]=NCC1=NC=CS1,-0.2706054126817606,c1cscn1
1083,CN(C)C=1C=CC(N=[N+]=[N-])=CC1,-0.1871665877596102,c1ccccc1
1084,OC1CCN(CCN=[N+]=[N-])CC1,0.4872491036830948,C1CCNCC1
1085,[N-]=[N+]=NC[C@H]1CCCN1,0.4061472430473679,C1CCNC1
1086,[N-]=[N+]=NCC1CCCCNC1=O,-0.2200442552621579,O=C1CCCCCN1
1087,"NC[C@@H]1CCC[C@H](CN=[N+]=[N-])C1 |&1:2,6,r|",-1.717176703716837,C1CCCCC1
1088,COC[C@H](O)CN=[N+]=[N-],0.3500050867911196,
1089,COC=1C=CC=CC1C(C)(C)N=[N+]=[N-],0.8092534458536715,c1ccccc1
1090,ClC=1C=CC(OCCN=[N+]=[N-])=CC1,-1.857348558088262,c1ccccc1
1091,ClC=1C=C(Cl)C=C(N=[N+]=[N-])C1,0.9422377613281712,c1ccccc1
1092,CC[C@@H](N=[N+]=[N-])C=1C=CC=CN1,0.4509643358938711,c1ccncc1
1093,[N-]=[N+]=NC(=O)C=1C=CC=2NN=CC2C1,0.9343375165903632,c1ccc2[nH]ncc2c1
1094,C[C@H](N=[N+]=[N-])C1=CSC=2C=CC=CC12,-0.5718757626476685,c1ccc2sccc2c1
1095,FC=1C=CC(=CC1)C2(CCOCC2)N=[N+]=[N-],1.048020390758968,c1ccc(C2CCOCC2)cc1
1096,OCC=1C=C(N=[N+]=[N-])C=CN1,0.9395039500704152,c1ccncc1
1097,[N-]=[N+]=NCC1CCNCC1,-0.7799472125895572,C1CCNCC1
1098,CC(C)(C)OC(=O)N1CC(C1)C=2OC=NC2CN=[N+]=[N-],-1.56631286519816,c1ncc(C2CNC2)o1
1099,[N-]=[N+]=NCC1CCNC1,-0.4198029051721275,C1CCNC1
1100,CC(C)C(=O)NCCN=[N+]=[N-],-0.2994745606188673,
1101,[N-]=[N+]=NCCC=1C=CC=CN1,-0.705399657300622,c1ccncc1
1102,[N-]=[N+]=NCC1=CC=NO1,-0.5806650572972553,c1cnoc1
1103,COC(=O)C=1C=CC(N=[N+]=[N-])=CC1,0.551349841595233,c1ccccc1
1104,OCCN=[N+]=[N-],0.4833757782479591,
1105,ClC=1C=CC=C(CN=[N+]=[N-])C1,-0.6377755472812066,c1ccccc1
1106,[N-]=[N+]=NCC=1C=CC=C2C=CC=CC12,-1.708053906651054,c1ccc2ccccc2c1
1107,[N-]=[N+]=NCC=1C=CC=2OCOC2C1,-1.818710097414529,c1ccc2c(c1)OCO2
1108,C[C@H](N)CN=[N+]=[N-],0.4919649384061379,
1109,CC=1C=CC=CC1CN=[N+]=[N-],0.6016637257504972,c1ccccc1
1110,COC=1C=CC=C(C1)C2(CCC2)N=[N+]=[N-],0.1189899186715563,c1ccc(C2CCC2)cc1
1111,NC1(CCC2(CC1)N=[N+]=[N-])C2,0.5491339535034767,C1CC2CCC1C2
1112,NC=1C=CC(Cl)=C(N=[N+]=[N-])C1,-1.188310471975788,c1ccccc1
1113,[N-]=[N+]=NCC1CCC2CC2C1,1.395138634303679,C1CCC2CC2C1
1114,CCC1(CN=[N+]=[N-])COC1,0.991120612331554,C1COC1
1115,FC=1C=C(F)C=C(N=[N+]=[N-])C1,1.477997758893012,c1ccccc1
1116,CNC(=O)CCN=[N+]=[N-],0.3701366616983185,
1117,FC1(F)CCCC1CN=[N+]=[N-],1.264892703617291,C1CCCC1
1118,[N-]=[N+]=NCC=1C=CC(=CC1)N2C=CC=N2,-2.116239097245645,c1ccc(-n2cccn2)cc1
1119,"CC(C)(C)OC(=O)N[C@@]1(CC[C@@H]2C[C@@H]1N=[N+]=[N-])C2 |&1:8,11,13,r|",-1.008361368401894,C1CC2CCC1C2
1120,NCCOCCN=[N+]=[N-],-0.292118573728363,
1121,[N-]=[N+]=NCC1=NC=2C=CC=CC2O1,-1.805898875880382,c1ccc2ocnc2c1
1122,COC1(CCC1)C(CO)N=[N+]=[N-],0.5488865521902152,C1CCC1
1123,NC(=O)C1=CSC(CN=[N+]=[N-])=N1,-1.323752385743923,c1cscn1
1124,FC=1C=CC(F)=C(N=[N+]=[N-])C1,1.404734313500008,c1ccccc1
1125,NCCCCN=[N+]=[N-],-0.0457515390189235,
1126,CC(C)(C)O[C@H]1C[C@@H](C1)N=[N+]=[N-],1.500732749667991,C1CCC1
1127,OCC=1C=CC(N=[N+]=[N-])=CC1,0.3762455089651967,c1ccccc1
1128,[N-]=[N+]=NC[C@@H]1COCCO1,0.8229284998379396,C1COCCO1
1129,CN(CCN=[N+]=[N-])CC=1C=CC=C(F)C1,-1.334659628631974,c1ccccc1
1130,N[C@H]1C[C@@H](C1)N=[N+]=[N-],-0.1887459806089272,C1CCC1
1131,[N-]=[N+]=NCC1CCOC1,1.508526225473045,C1CCOC1
1132,CCOC(=O)C1(CC2(CN=[N+]=[N-])C1)C3(CCOCC3)O2,-1.236723849464937,C1CC2(CCO1)OC1CC2C1
1133,CC(C)NC(=O)C(C)N=[N+]=[N-],0.5074706186216937,
1134,NC1(CCCCCC1)C2=NOC(CN=[N+]=[N-])=N2,-1.397588321200771,c1nc(C2CCCCCC2)no1
1135,C[C@H](N=[N+]=[N-])C=1C=CC=CC1Cl,0.8560863682935028,c1ccccc1
1136,[N-]=[N+]=NCC1CCC(=O)O1,-0.7612954719803366,O=C1CCCO1
1137,CCOP(=O)(CCCN=[N+]=[N-])OCC,-0.4102425918901817,
1138,CC1=NC(=NO1)C(=O)N=[N+]=[N-],1.41959870315494,c1ncon1
1139,[N-]=[N+]=NCC1COC=2C=CC=CC2O1,-1.548847373304763,c1ccc2c(c1)OCCO2
1140,[N-]=[N+]=NC1CCN(C2CCNCC2)C1=O,0.0378026068057769,O=C1CCCN1C1CCNCC1
1141,CC[C@@H](N=[N+]=[N-])C=1C=CC=CC1F,1.283317302731549,c1ccccc1
1142,C[C@@H](CN)N=[N+]=[N-],0.9146059071622948,
1143,ClC=1C=CC(N=[N+]=[N-])=NC1,1.4172387775952,c1ccncc1
1144,CC(C)CSCCCN=[N+]=[N-],-0.0990428450709065,
1145,CCC1=NN=C(CN=[N+]=[N-])O1,-0.4349417748512004,c1nnco1
1146,FC=1C=C(C#N)C=CC1CN=[N+]=[N-],-1.610884326607726,c1ccccc1
1147,COC=1C=CC=C(N=[N+]=[N-])C1,1.002817469239925,c1ccccc1
1148,CC=1C=C(F)C=C(N=[N+]=[N-])C1,1.382790694709179,c1ccccc1
1149,COC=1C=CC=CC1[C@@H](O)CN=[N+]=[N-],-1.951528037282614,c1ccccc1
1150,C[C@H](N=[N+]=[N-])C=1C=CC(Cl)=CC1,0.002155692944394,c1ccccc1
1151,[N-]=[N+]=NCC1CCCCNC1,-0.7442233304573734,C1CCCNCC1
1152,FC1(F)CC(CN=[N+]=[N-])C1,1.294387718154087,C1CCC1
1153,FC(F)C1=CC(CN=[N+]=[N-])=NO1,-0.956236578144412,c1cnoc1
1154,[N-]=[N+]=NCC=1C=CC=NN1,-1.314147442644012,c1ccnnc1
1155,[N-]=[N+]=NCCCC=1C=CC=CC1,-0.5758319093070485,c1ccccc1
1156,FC(F)(CN=[N+]=[N-])C=1C=CC(Cl)=CC1,-1.41817165184606,c1ccccc1
1157,N[C@H]1CCCC[C@H]1N=[N+]=[N-],1.050459538221058,C1CCCCC1
1158,C[C@H]1C[C@H](N=[N+]=[N-])C=2C=CSC2S1(=O)=O,-0.6370180177146559,O=S1(=O)CCCc2ccsc21
1159,OC1(CN=[N+]=[N-])CCC1,-0.0151682538569423,C1CCC1
1160,CC1CCCCC1(C)N=[N+]=[N-],1.362518195514567,C1CCCCC1
1161,CN(C)C1CCN(CCN=[N+]=[N-])C1,-0.2152140753222889,C1CCNC1
1162,[N-]=[N+]=NC1CCC=2C=CC=NC12,-0.3669315173541597,c1cnc2c(c1)CCC2
1163,CC(N=[N+]=[N-])C=1C=CC=CC1F,1.277841228438487,c1ccccc1
1164,[N-]=[N+]=NCC1=CC(=NO1)C2CC2,-1.725227649286678,c1cc(C2CC2)no1
1165,CC(F)(F)C1=NC=C(CN=[N+]=[N-])S1,-1.41768305047761,c1cscn1
1166,[N-]=[N+]=NC=1C=CC=C2NN=CC12,-1.367054753790021,c1ccc2[nH]ncc2c1
1167,"FC(F)(F)[C@@H]1C[C@H]1CN=[N+]=[N-] |&1:4,6,r|",1.093175430133614,C1CC1
1168,[N-]=[N+]=NCC(=O)NC=1C=CC=CC1,-1.594985956619938,c1ccccc1
1169,NC=1C=C(N=[N+]=[N-])C=CN1,0.6674358774892825,c1ccncc1
1170,[N-]=[N+]=NC=1C=CC=CC1,1.386803295550233,c1ccccc1
1171,ClC1=CC=C(CN=[N+]=[N-])S1,-0.8087361570523749,c1ccsc1
1172,CN(C)C=1C=CC=C(OCCCN=[N+]=[N-])C1,-1.995147081889856,c1ccccc1
1173,CCNCCN=[N+]=[N-],0.6009161973296683,
1174,CC1=NC=2C=C(N=[N+]=[N-])C=CC2S1,-0.1812782686084663,c1ccc2scnc2c1
1175,COC(=O)C1=CSC(CN=[N+]=[N-])=N1,-1.338431881813711,c1cscn1
1176,"CO[C@@H]1CCCC[C@H]1N=[N+]=[N-] |&1:2,7,r|",1.176269788348132,C1CCCCC1
1177,FC=1C=CC(C#N)=C(N=[N+]=[N-])C1,0.7206097082992671,c1ccccc1
1178,[N-]=[N+]=NC=1C=CC=2CCNC2C1,-0.4470434434642143,c1ccc2c(c1)CCN2
1179,NCCCN=[N+]=[N-],1.075548085715008,
1180,CC(C)(C)N=[N+]=[N-],1.487176847630001,
1181,CC(C)(C)OCCCN=[N+]=[N-],1.337078597145871,
1182,OC(=O)C=1C=CC(CN=[N+]=[N-])=CC1,0.0281808801927529,c1ccccc1
1183,CC(C)CN1CCOC(CN=[N+]=[N-])C1,-0.375588604647429,C1COCCN1
1184,[N-]=[N+]=NCC1CNCCO1,-0.0918558821249462,C1COCCN1
1185,[N-]=[N+]=NCC1CCCO1,1.277798478104699,C1CCOC1
1186,CC=1C=CC(O)=C(CN=[N+]=[N-])N1,-0.6372425039699869,c1ccncc1
1187,FC(F)(F)C(=O)NCCN=[N+]=[N-],-0.6440882316896742,
1188,CN1N=C(CN=[N+]=[N-])C=2CCCC21,-1.696042423778563,c1n[nH]c2c1CCC2
1189,[N-]=[N+]=NCCN1CCNC1=O,-0.4223853151703332,O=C1NCCN1
1190,"F[C@@H]1CC[C@@H]1N=[N+]=[N-] |&1:1,4,r|",1.163267932259776,C1CCC1
1191,FC1(F)CCCC1CCN=[N+]=[N-],1.064011662295785,C1CCCC1
1192,ClC=1C=CC=CC1N=[N+]=[N-],1.270494220669088,c1ccccc1
1193,[N-]=[N+]=NCC1=NOC=2CCCC12,-1.81528297015636,c1noc2c1CCC2
1194,FC(F)(F)OC=1C=CC(N=[N+]=[N-])=CC1Cl,1.225027485561081,c1ccccc1
1195,[N-]=[N+]=NC=1C=CC=2C=NNC2C1,-0.7926268351902628,c1ccc2[nH]ncc2c1
1196,"N[C@@H]1COC[C@@H]1N=[N+]=[N-] |&1:1,5,r|",0.7841126587726602,C1CCOC1
1197,[N-]=[N+]=NCC1CCCC2(CCOC2)O1,-1.078144384544092,C1CCC2(CCOC2)OC1
1198,OP(=O)(O)CCN=[N+]=[N-],1.211194667893906,
1199,OCC1(CN=[N+]=[N-])COC1,0.5490157061652952,C1COC1
1200,CCOCCN=[N+]=[N-],1.432649539083944,
1201,CC=1C=CC=C(CCN=[N+]=[N-])N1,-1.359579528067281,c1ccncc1
1202,[N-]=[N+]=NCC1(CCCCC1)C#N,-1.10700977762526,C1CCCCC1
1203,[N-]=[N+]=NC=1C=CC=C2C=NNC12,-1.24049765798314,c1ccc2[nH]ncc2c1
1204,COC=1C=CC(=CC1N=[N+]=[N-])C(F)(F)F,0.0993158641052064,c1ccccc1
1205,[N-]=[N+]=NCC1(CC#N)CC1,-0.8720379223288255,C1CC1
1206,[N-]=[N+]=NC=1C=CC=2OCCC2C1,-0.3931760340735783,c1ccc2c(c1)CCO2
1207,COC=1C=CC(N=[N+]=[N-])=NC1,1.081731396981652,c1ccncc1
1208,OCCC=1C=CC(N=[N+]=[N-])=CC1,-0.1159203650287599,c1ccccc1
1209,[N-]=[N+]=NC=1C=CC=2OCOC2C1,-0.1276624793683543,c1ccc2c(c1)OCO2
1210,[N-]=[N+]=NCC=1C=CN=CC1,-0.6853144636612895,c1ccncc1
1211,[N-]=[N+]=NCCOCC1CCCC1,0.614198064349788,C1CCCC1
1212,C[C@H](N=[N+]=[N-])C=1C=CC(F)=CC1C,0.3064181275943339,c1ccccc1
1213,[N-]=[N+]=NS(=O)(=O)C=1C=CC=2OCCC2C1,0.4378940410775023,c1ccc2c(c1)CCO2
1214,[N-]=[N+]=NC1CCN2C=CC=C2C1,-0.5718082121755045,c1cc2n(c1)CCCC2
1215,FC(F)(F)C1=CC(CN=[N+]=[N-])=NO1,1.000162953539632,c1cnoc1
1216,COC=1C=CC=C(OC)C1CN=[N+]=[N-],-1.89139343565868,c1ccccc1
1217,"O[C@@H]1COCC[C@H]1N=[N+]=[N-] |&1:1,6,r|",0.6867764094483724,C1CCOCC1
1218,[N-]=[N+]=NCCCOC1CCC1,1.234072963554696,C1CCC1
1219,COC(=O)C=1C=NC=C(N=[N+]=[N-])C1,0.6084869375851434,c1ccncc1
1220,FC1(F)CCCCC1CN=[N+]=[N-],1.092384434470425,C1CCCCC1
1221,[N-]=[N+]=NCC1=NC=NO1,0.0113427817042529,c1ncon1
1222,COC(=O)C1(CC1)N=[N+]=[N-],1.020766404629439,C1CC1
1223,CC1=NC=2C=CC(N=[N+]=[N-])=CC2S1,-0.3208406294231958,c1ccc2scnc2c1
1224,[N-]=[N+]=NCC1CCCOC1,1.128998311087519,C1CCOCC1
1225,COCC(COC)N=[N+]=[N-],1.315082870607452,
1226,CN1C=C(N=[N+]=[N-])C=N1,0.4294391704114049,c1cn[nH]c1
1227,CC=1C=NC(CN=[N+]=[N-])=CN1,-0.6739456136591789,c1cnccn1
1228,CN(C)CCN=[N+]=[N-],0.8897047135612336,
1229,"O[C@@H]1CCOC[C@H]1N=[N+]=[N-] |&1:1,6,r|",0.8944434260941226,C1CCOCC1
1230,CC(N=[N+]=[N-])C(=O)N1CCCC1,0.1382789217853474,C1CCNC1
1231,FC(F)(F)C1CCN(CCCN=[N+]=[N-])CC1,-0.3258078028930331,C1CCNCC1
1232,[N-]=[N+]=NC1CCOC2(CCNCC2)C1,-0.0137382328658598,C1CCC2(CCNCC2)OC1
1233,FC=1C=CC(CN=[N+]=[N-])=CC1,0.9964371268506986,c1ccccc1
1234,CN1C=CC(N=[N+]=[N-])=N1,1.188455292199182,c1cn[nH]c1
1235,CCN(CC)CCN=[N+]=[N-],1.422630140894645,
1236,CS(=O)(=O)NC(=O)CN=[N+]=[N-],0.9580701361714687,
1237,FC=1C=CC=2OC3(CCC3)C[C@@H](N=[N+]=[N-])C2C1,-0.5485770801684978,c1ccc2c(c1)CCC1(CCC1)O2
1238,CC(F)(F)C=1C=CC(CN=[N+]=[N-])=NC1,-1.000866958748775,c1ccncc1
1239,CCNC(=O)CN=[N+]=[N-],0.2920084941373469,
1240,[N-]=[N+]=NCCOC1CCOC1,-0.0474230608568583,C1CCOC1
1241,"O[C@@H]1CCCCC[C@H]1N=[N+]=[N-] |&1:1,7,r|",0.229861092376427,C1CCCCCC1
1242,[N-]=[N+]=NCC1CNC(=O)O1,0.1344302452212269,O=C1NCCO1
1243,[N-]=[N+]=NC1CCCCC1,1.398898469047612,C1CCCCC1
1244,[N-]=[N+]=NC=1C=NC=2C=CC=CC2N1,1.363541546522177,c1ccc2nccnc2c1
1245,COC(=O)C=1C=NOC1CN=[N+]=[N-],-0.6536668954739062,c1cnoc1
1246,[N-]=[N+]=NCC1=CSC=N1,-0.358605854847875,c1cscn1
1247,[N-]=[N+]=NC=1C=CC=2N=CC=NC2C1,0.4165555307722162,c1ccc2nccnc2c1
1248,[N-]=[N+]=NC1CNC1,0.6131253576215661,C1CNC1
1249,BrC1=C(N=[N+]=[N-])C=NNC1=O,1.132224015353808,O=c1cccn[nH]1
1250,[N-]=[N+]=NCC=1N=COC1C2CC2,-1.302018554921255,c1ncc(C2CC2)o1
1251,FC=1C=CC=C(N=[N+]=[N-])C1,1.341422314875774,c1ccccc1
1252,[N-]=[N+]=NCC1CCCN1,0.4061472430473679,C1CCNC1
1253,CS(=O)(=O)C1(CN=[N+]=[N-])CCCCC1,0.5339672646906822,C1CCCCC1
1254,CC(CC1=NC(C)=CS1)N=[N+]=[N-],-0.3185806686370469,c1cscn1
1255,"FC(F)(F)[C@@H]1CC[C@H]1CN=[N+]=[N-] |&1:4,7,r|",1.338814557971483,C1CCC1
1256,[N-]=[N+]=NC1CCCCNC1=O,0.5449049016534417,O=C1CCCCCN1
1257,CC1=NC(CN=[N+]=[N-])=CS1,-0.582824703391294,c1cscn1
1258,[N-]=[N+]=NC=1C=CC=2C(=O)N(CC2C1)C3CCC(=O)NC3=O,0.415575859297666,O=C1CCC(N2Cc3ccccc3C2=O)C(=O)N1
1259,BrC=1C=CC(CN=[N+]=[N-])=NC1,-1.241083707990015,c1ccncc1
1260,[N-]=[N+]=NC=1C=CC=C2COCC21,0.03221264781012,c1ccc2c(c1)COC2
1261,[N-]=[N+]=NCC=1N=CON1,-0.1855857219335978,c1ncon1
1262,[N-]=[N+]=NCC1CCC/C=C\CC1,-0.2808753763274813,C1=C\CCCCCC/1
1263,CC(F)(F)C1(CN=[N+]=[N-])CC1,1.397309808633875,C1CC1
1264,CCC1=NC(CN=[N+]=[N-])=CS1,-0.885242511628018,c1cscn1
1265,[N-]=[N+]=NCC1=NC=2C=CC=CC2N1,-1.381594350409758,c1ccc2[nH]cnc2c1
1266,CS(=O)(=O)C=1C=C(CN=[N+]=[N-])C=C(C1)C(F)(F)F,-1.438942510515589,c1ccccc1
1267,C[C@H](N=[N+]=[N-])C=1C=CC(F)=CC1Cl,0.5963101328340509,c1ccccc1
1268,NS(=O)(=O)C=1C=CC(N=[N+]=[N-])=CC1,0.2124411188619966,c1ccccc1
1269,O[C@H](CN=[N+]=[N-])CC=1C=CC=CC1,-1.42132904798064,c1ccccc1
1270,ClC=1C=CC=C(N=[N+]=[N-])N1,1.016547670431631,c1ccncc1
1271,CC(CO)(CO)CN=[N+]=[N-],0.324742182125776,
1272,CC(N=[N+]=[N-])C(O)C=1C=CC(C)=CC1,-0.8505546623865642,c1ccccc1
1273,[N-]=[N+]=NC1CCNC1,0.9417682872112328,C1CCNC1
1274,[N-]=[N+]=NCC1CCCC1,1.402010253734468,C1CCCC1
1275,COCC=1C=CC=C(N=[N+]=[N-])C1,0.5996618060893892,c1ccccc1
1276,[N-]=[N+]=NCCCN1CCCC1,-0.1303381944219245,C1CCNC1
1277,CC(C)CCN=[N+]=[N-],1.323212299208401,
1278,[N-]=[N+]=NC=1C=CC=2N=CSC2C1,-0.4308348735143184,c1ccc2scnc2c1
1279,[N-]=[N+]=NCC1=CC=CS1,0.4769746182109711,c1ccsc1
1280,BrC=1C=CC(=CC1)N2CCCC(N=[N+]=[N-])C2=O,-0.0864913622685872,O=C1CCCCN1c1ccccc1
1281,C[C@H](CN)N=[N+]=[N-],0.9146059071622948,
1282,ClC=1C=CC=2OC3(CCCC3)C[C@@H](N=[N+]=[N-])C2C1,-0.4485913455103776,c1ccc2c(c1)CCC1(CCCC1)O2
1283,[N-]=[N+]=NCCN1C=CC=N1,-0.4996148051882499,c1cn[nH]c1
1284,[N-]=[N+]=NCC1=CN=NS1,-1.013448664924397,c1csnn1
1285,NC=1C=CC(N=[N+]=[N-])=CC1,-1.448326851371315,c1ccccc1
1286,[N-]=[N+]=NC1CCOC1,1.450723742204725,C1CCOC1
1287,[N-]=[N+]=NC1CCOCC1,1.48934991646217,C1CCOCC1
1288,[N-]=[N+]=NC1CCNCC1,0.5497372998469013,C1CCNCC1
1289,FC(F)OC=1C=CC=C(CN=[N+]=[N-])N1,-1.578424254204365,c1ccncc1
1290,[N-]=[N+]=NCCN1C=CC=CC1=O,-1.168203848017259,O=c1cccc[nH]1
1291,COC(=O)C=1C=C(N=[N+]=[N-])C=CN1,0.903716370646238,c1ccncc1
1292,FC1(F)COC(CN=[N+]=[N-])C1,0.7411997055143252,C1CCOC1
1293,[N-]=[N+]=NC=1C=CC=2CCCC2C1,1.050552955717054,c1ccc2c(c1)CCC2
1294,FCCCCN=[N+]=[N-],1.199359474388871,
1295,CCN(CC)C(=O)CN=[N+]=[N-],0.0599735317198382,
1296,[N-]=[N+]=NCC1=CC(=NO1)C2CCNCC2,-1.623734791276252,c1cc(C2CCNCC2)no1
1297,OC1(CN=[N+]=[N-])CCNCC1,-0.1330739675109385,C1CCNCC1
1298,[N-]=[N+]=NC1CC1,1.463308877714823,C1CC1
1299,"FC(F)(F)[C@@H]1CNC[C@H]1CN=[N+]=[N-] |&1:4,8,r|",-0.1926497980855865,C1CCNC1
1300,NCC=1C=CC=C(N=[N+]=[N-])C1,0.0871266859741187,c1ccccc1
1301,ClC=1C=CC(CN=[N+]=[N-])=CN1,-1.452314883932074,c1ccncc1
1302,OC1=CC(CN=[N+]=[N-])=NC2=CC=NN12,-0.1416097800000281,c1cnc2ccnn2c1
1303,FC(F)(F)C1=NC=C(CN=[N+]=[N-])S1,-0.1343692795587879,c1cscn1
1304,[N-]=[N+]=NCCN1C=NC=2C=CC=CC12,-1.814819757592528,c1ccc2[nH]cnc2c1
1305,CC1=NC=2C=CC(N=[N+]=[N-])=CC2N1,-1.031507929533424,c1ccc2[nH]cnc2c1
1306,[N-]=[N+]=NCC=1C=C(ON1)C2=CC=CO2,-1.704607595164175,c1coc(-c2ccno2)c1
1307,[N-]=[N+]=NC=1C=CC(=CC1)C=2C=CC=CC2,-0.5675462100257094,c1ccc(-c2ccccc2)cc1
1308,CCOC=1C=CC(N=[N+]=[N-])=CC1,0.5183275944003378,c1ccccc1
1309,COC=1C=CC(CN=[N+]=[N-])=CC1,-1.349716421099132,c1ccccc1
1310,[N-]=[N+]=NCC1CNC1,-0.0633830000072316,C1CNC1
1311,CS(=O)(=O)NCCN=[N+]=[N-],0.089059580529237,
1312,[N-]=[N+]=NCCN1CCCC1,1.539391228669915,C1CCNC1
1313,CC=1C=CC(N=[N+]=[N-])=NC1,1.58261389798064,c1ccncc1
1314,CC(C)(CN)CN=[N+]=[N-],0.361690417246524,
1315,FC(F)C1(CC1)N=[N+]=[N-],1.463625335882876,C1CC1
1316,NC(=O)C=1C=C(N=[N+]=[N-])C=CN1,1.16603265713831,c1ccncc1
1317,CC(C)N=[N+]=[N-],1.26810887385425,
1318,CC1=CC(CN=[N+]=[N-])=NO1,-0.6867816937823422,c1cnoc1
1319,FC=1C=C(Cl)C=C(N=[N+]=[N-])C1,1.405360419540942,c1ccccc1
1320,"N[C@@H]1CCC[C@@H]1CN=[N+]=[N-] |&1:1,5,r|",0.6329347610182103,C1CCCC1
1321,CC1=NN=C(CN=[N+]=[N-])O1,0.126766763177047,c1nnco1
1322,[N-]=[N+]=NC=1C=CC=C2CCCCC12,0.8987145258329838,c1ccc2c(c1)CCCC2
1323,CC=1C=C(C)C=C(N=[N+]=[N-])C1,1.396636989573151,c1ccccc1
1324,OCCCCCN=[N+]=[N-],-0.731982754047341,
1325,CC1(C)CC(CN=[N+]=[N-])OC(=O)N1,0.0466933588693259,O=C1NCCCO1
1326,CC(C)(C)OC(=O)N1CCCC(CCN=[N+]=[N-])CC1,-1.379260691773469,C1CCCNCC1
1327,[N-]=[N+]=NCCCN1CCCOCC1,-0.0603457873909009,C1CNCCOC1
1328,[N-]=[N+]=NC1CCCNC1,0.7379687765013395,C1CCNCC1
1329,[N-]=[N+]=NCCOC1CCSCC1,-1.13473584118476,C1CCSCC1
1330,[N-]=[N+]=NCCN1CCOCC1,0.9688096121539932,C1COCCN1
1331,CN1C=C(CN=[N+]=[N-])C=N1,-0.5084128421474028,c1cn[nH]c1
1332,[N-]=[N+]=NC=1C=CC=2CCNCC2C1,-0.3833368980803913,c1ccc2c(c1)CCNC2
1333,CC(C)(C)N1CCC(CC1)N=[N+]=[N-],1.235993451401393,C1CCNCC1
1334,OCCCN=[N+]=[N-],0.2430768466909894,
1335,[N-]=[N+]=NC1COC1,1.386417812411691,C1COC1
1336,[N-]=[N+]=NC=1C=CN=CC1,1.377431615914332,c1ccncc1
1337,CC(O)CN=[N+]=[N-],0.6402168770876365,
1338,ClC=1C=CC(N=[N+]=[N-])=C(C#N)C1,0.5425062316329963,c1ccccc1
1339,COC=1C=CC(Cl)=C(N=[N+]=[N-])C1,0.2364816088194842,c1ccccc1
1340,[N-]=[N+]=NCC=1C=NN(C1)C=2C=CC=CC2,-1.890971421398242,c1ccc(-n2cccn2)cc1
1341,NCC=1C=CC=CC1CN=[N+]=[N-],-1.172560691108035,c1ccccc1
1342,[N-]=[N+]=NC1=NC=CS1,1.234359591335574,c1cscn1
1343,CC=1C=CC=2CCC[C@H](N=[N+]=[N-])C2C1,-0.1408059829992999,c1ccc2c(c1)CCCC2
1344,O[C@@H](CN=[N+]=[N-])C=1C=CC(Cl)=CC1,-2.032143492200323,c1ccccc1
1345,[N-]=[N+]=NCCN1C(=O)C=2C=CC=CC2C1=O,-2.094631555979338,O=C1NC(=O)c2ccccc21
1346,NCCCCCCN=[N+]=[N-],-0.8274953323599263,
1347,CC(C)CN=[N+]=[N-],1.399172717984866,
1348,C[C@@H](N=[N+]=[N-])C=1C=CN=CC1,0.1875916700524702,c1ccncc1
1349,[N-]=[N+]=NCCN1C=C(C#N)C=N1,-1.31538970026242,c1cn[nH]c1
1350,[N-]=[N+]=NCCCN1CCOCC1,0.4133100785644199,C1COCCN1
1351,[N-]=[N+]=NCC(=O)N1CCCCC1,-0.2112926135462841,C1CCNCC1
1352,FC(F)(F)C=1C=CC(N=[N+]=[N-])=CC1,1.299430482219186,c1ccccc1
1353,COC=1C=CC(N=[N+]=[N-])=CC1OC,-0.5440188691922031,c1ccccc1
1354,[N-]=[N+]=NCC=1C=CC=C2OC=NC12,-1.627560288455206,c1ccc2ocnc2c1
1355,CC1(CN=[N+]=[N-])COC1,1.310755211371424,C1COC1
1356,CC(N=[N+]=[N-])C(=O)NC=1C=CC=CC1,-0.7769335469778796,c1ccccc1
1357,[N-]=[N+]=NC1CCCCC=C1,1.215930740474668,C1=CCCCCC1
1358,FC(F)(F)CN=[N+]=[N-],1.106588094944667,
1359,OC(CN=[N+]=[N-])C(F)(F)F,0.2324152011933275,
1360,COC=1C=CN=C(N=[N+]=[N-])N1,1.401309510583754,c1cncnc1
1361,[N-]=[N+]=NCC1OCCOC21CCC2,-0.0016076212512937,C1CC2(C1)COCCO2
1362,[N-]=[N+]=NCCCC#N,-0.0197568835708611,
1363,"O[C@@H]1CC[C@H]1N=[N+]=[N-] |&1:1,4,r|",-0.0788871102244438,C1CCC1
1364,OC1(CN=[N+]=[N-])CCNC1,0.9653585420934268,C1CCNC1
1365,FC=1C=CC(CN=[N+]=[N-])=C(F)C1,-0.0565972611022008,c1ccccc1
1366,[N-]=[N+]=NC=1C=CC=2N=CNC2C1,0.1077182259295492,c1ccc2[nH]cnc2c1
1367,"C[C@@H]1CNC[C@H]1N=[N+]=[N-] |&1:1,5,r|",-0.1516107137413299,C1CCNC1
1368,[N-]=[N+]=NCC1(CCCC1)C#N,-1.064622028806835,C1CCCC1
1369,CC=1C=CC(=CC1)[C@H](O)CN=[N+]=[N-],-0.2995811009926229,c1ccccc1
1370,COC(=O)CN=[N+]=[N-],0.4169238723816635,
1371,COC(=O)C1CCCC(C1)N=[N+]=[N-],0.9104417096072976,C1CCCCC1
1372,CC(N=[N+]=[N-])C1(CC2C1)OC2,0.3729701209343885,C1OC2CC1C2
1373,CC=1C=CC(N=[N+]=[N-])=CC1Cl,-0.3953370138820017,c1ccccc1
1374,ClC=1C=CC=2[C@@H](CCC2C1)N=[N+]=[N-],-1.154179447777251,c1ccc2c(c1)CCC2
1375,NC(=N)NCCN=[N+]=[N-],0.2392227736195493,
1376,FC=1C=CC=C2[C@@H](CCC21)N=[N+]=[N-],0.878947513589814,c1ccc2c(c1)CCC2
1377,[N-]=[N+]=NC[C@H]1COCCO1,0.8229284998379396,C1COCCO1
1378,COCCN=[N+]=[N-],1.265970369014992,
1379,CN1CCN(CCN=[N+]=[N-])CC1,0.4074027332375229,C1CNCCN1
1380,CC=1C=CC=CC1N=[N+]=[N-],-0.2803321731687437,c1ccccc1
1381,COC=1C=CC(C)=CC1[C@@H](C)N=[N+]=[N-],0.4708358152496842,c1ccccc1
1382,N[C@H]1CC[C@@H](CN=[N+]=[N-])CC1,0.0861206138933936,C1CCCCC1
1383,CC(CN=[N+]=[N-])C=1C=CC=CN1,-0.104978308953476,c1ccncc1
1384,COC(=O)CCCN=[N+]=[N-],-0.6656110617069229,
1385,CN(C)CCCN=[N+]=[N-],-0.4008099466887864,
1386,O[C@@H](CN=[N+]=[N-])C=1C=CC=C(Br)C1,-0.1076358769041909,c1ccccc1
1387,"[N-]=[N+]=N[C@@H]1COC[C@@H]1N2C=CC=N2 |&1:3,7,r|",0.9277169171633682,c1cnn([C@@H]2CCOC2)c1
1388,NCCCN=[N+]=[N-],0.3138649836061221,
1389,O=C(O)[C@@H]1C[C@@H](N=[N+]=[N-])CN1,1.18905702140505,C1CCNC1
1390,[N-]=[N+]=NCCN1CCOCC1,0.4715852908488569,C1COCCN1
1391,N[C@@H](CCCCN=[N+]=[N-])C(O)=O,0.5904062757421651,
1392,COC1=CC=C(C(CN=[N+]=[N-])=O)C=C1,-0.7531743484334102,c1ccccc1
1393,OCCOCCOCCN=[N+]=[N-],0.6438679672762208,
1394,OC([C@@H](CN=[N+]=[N-])NC(OC(C)(C)C)=O)=O,0.992000955239666,
1395,OC(CCCCN=[N+]=[N-])=O,0.9449993052323736,
1396,O=C(OC(C)(C)C)N1CCC[C@@H]1CN=[N+]=[N-],-0.658923730566202,C1CCNC1
1397,OC([C@@H]1CC[C@@H](CN=[N+]=[N-])CC1)=O,0.7156561454793543,C1CCCCC1
1398,[N-]=[N+]=NCC1=CC=CN=C1,-0.8150458361689182,c1ccncc1
1399,OCCOCCOCCOCCN=[N+]=[N-],0.7221735626690292,
1400,O=C(N1[C@H](C(O)=O)C[C@H](N=[N+]=[N-])C1)OCC2C3=CC=CC=C3C4=C2C=CC=C4,0.831083238280466,O=C(OCC1c2ccccc2-c2ccccc21)N1CCCC1
1401,OC([C@H](CCCCNC(OC(C)(C)C)=O)N=[N+]=[N-])=O,1.057854619089692,
1402,O=C(N1)N([C@@H]2O[C@H](CO)[C@@H](N=[N+]=[N-])C2)C=C(C)C1=O,0.6984845737975093,O=c1ccn([C@H]2CCCO2)c(=O)[nH]1
1403,CCOC(CCCN=[N+]=[N-])=O,-0.5287995703824849,
1404,NCCCCN=[N+]=[N-],-0.6953659431699226,
1405,OC([C@@H](CN=[N+]=[N-])N)=O,0.580211195607091,
1406,NCCOCCOCCN=[N+]=[N-],-0.3920449650730635,
1407,O=C(OC(C)(C)C)N1CCC[C@H]1CN=[N+]=[N-],-0.9941565394297898,C1CCNC1
1408,COC1=CC=C(CN=[N+]=[N-])C=C1,-1.000626960948859,c1ccccc1
1409,OC(CCN=[N+]=[N-])=O,0.95288523808447,
1410,OCC(O)CN=[N+]=[N-],0.6331729471789566,
1411,O=C(NC1=O)C(CN=[N+]=[N-])=CN1[C@@H]2O[C@H](CO)[C@@H](O)C2,0.1027680852948833,O=c1ccn([C@H]2CCCO2)c(=O)[nH]1
1412,CC(O[C@@H]1[C@@H](COC(C)=O)O[C@@H](N=[N+]=[N-])[C@H](NC(C)=O)[C@H]1OC(C)=O)=O,0.6564182745228386,C1CCOCC1
1413,OC(CN=[N+]=[N-])=O,0.9800029054997054,
1414,[N-]=[N+]=NCC1=CC=CC=C1,-0.34206030277566,c1ccccc1
1415,OC[C@H]1OC(O)[C@H](N=[N+]=[N-])[C@@H](O)[C@@H]1O,1.301765629831472,C1CCOCC1
1416,OC[C@H]1O[C@H](O[C@@H]2[C@H](O)[C@@H](O)[C@H](O)[C@@H](CN=[N+]=[N-])O2)[C@H](O)[C@@H](O)[C@@H]1O,1.257161126245655,C1CC[C@@H](O[C@@H]2CCCCO2)OC1
1417,OC=1C=CC=2NC(=CC2C1)C(=O)N(CCN=[N+]=[N-])CC=3C=NSC3,-2.088607394356073,O=C(NCc1cnsc1)c1cc2ccccc2[nH]1
1418,CC(C)(C)OC(N[C@@H](CC1=CC=C(N=[N+]=[N-])C=C1)C(O)=O)=O,0.9500222071859804,c1ccccc1
1419,CC=1C=CC=C2NC=C(C(=O)CN3CCC(CC3)C(=O)N[C@@H]4COC[C@@H]4N=[N+]=[N-])C12.OC(=O)C(F)(F)F ,-1.794933624617339,O=C(CN1CCC(C(=O)N[C@H]2CCOC2)CC1)c1c[nH]c2ccccc12
1420,OC(=O)C(CC1=CNC=2C=CC=CC12)NC(=O)[C@H]3C[C@@H](C3)N=[N+]=[N-],0.7111114662502849,O=C(NCCc1c[nH]c2ccccc12)C1CCC1
1421,CC=1C=CC=2NC(=CC2C1C)C(=O)NC=3C=CC=C(CNC(=O)C=4C=CC(N=[N+]=[N-])=CC4)C3,0.133495964335377,O=C(NCc1cccc(NC(=O)c2cc3ccccc3[nH]2)c1)c1ccccc1
